Age;Class/Dept;Fare today;Joined;Survived
29;1st Class;£16,300.00;Southampton;TRUE
0.9;1st Class;£11,700.00;Southampton;TRUE
2;1st Class;£11,700.00;Southampton;FALSE
30;1st Class;£11,700.00;Southampton;FALSE
25;1st Class;£11,700.00;Southampton;FALSE
47;1st Class;£2,050.00;Southampton;TRUE
62;1st Class;£6,020.00;Cherbourg;TRUE
39;1st Class;;Belfast;FALSE
53;1st Class;£3,980.00;Southampton;TRUE
71;1st Class;£3,820.00;Cherbourg;FALSE
47;1st Class;£19,100.00;Cherbourg;FALSE
18;1st Class;£19,100.00;Cherbourg;TRUE
24;1st Class;£5,350.00;Cherbourg;TRUE
26;1st Class;£6,090.00;Southampton;TRUE
47;1st Class;£2,320.00;Southampton;TRUE
60;1st Class;£2,000.00;Cherbourg;FALSE
24;1st Class;£19,100.00;Cherbourg;FALSE
50;1st Class;£19,100.00;Cherbourg;TRUE
36;1st Class;£5,890.00;Cherbourg;TRUE
36;1st Class;£5,810.00;Southampton;FALSE
37;1st Class;£4,060.00;Southampton;TRUE
46;1st Class;£4,060.00;Southampton;TRUE
26;1st Class;£2,320.00;Cherbourg;TRUE
39;1st Class;£4,890.00;Cherbourg;TRUE
46;1st Class;£19,100.00;Cherbourg;TRUE
31;1st Class;£17,100.00;Southampton;TRUE
24;1st Class;£2,010.00;Cherbourg;FALSE
25;1st Class;£7,030.00;Cherbourg;TRUE
19;1st Class;£7,030.00;Cherbourg;TRUE
28;1st Class;£2,050.00;Southampton;TRUE
45;1st Class;£2,740.00;Southampton;FALSE
39;1st Class;£2,390.00;Cherbourg;TRUE
30;1st Class;£12,700.00;Southampton;TRUE
61;1st Class;£2,050.00;Southampton;TRUE
42;1st Class;£2,050.00;Southampton;FALSE
45;1st Class;£20,300.00;Cherbourg;TRUE
22;1st Class;£4,250.00;Southampton;TRUE
41;1st Class;£2,360.00;Southampton;FALSE
48;1st Class;£3,900.00;Cherbourg;FALSE
37;1st Class;£2,050.00;Southampton;TRUE
45;1st Class;£3,060.00;Cherbourg;FALSE
59;1st Class;£3,980.00;Southampton;TRUE
44;1st Class;£2,140.00;Cherbourg;TRUE
59;1st Class;£5,890.00;Cherbourg;TRUE
41;1st Class;£10,400.00;Cherbourg;TRUE
46;1st Class;£2,050.00;Southampton;FALSE
;1st Class;£2,390.00;Southampton;FALSE
42;1st Class;£2,030.00;Southampton;TRUE
52;1st Class;£2,120.00;Cherbourg;TRUE
36;1st Class;£39,600.00;Cherbourg;TRUE
58;1st Class;£39,600.00;Cherbourg;TRUE
33;1st Class;£386.00;Southampton;FALSE
31;1st Class;£3,640.00;Southampton;FALSE
17;1st Class;£3,640.00;Southampton;FALSE
11;1st Class;£9,270.00;Southampton;TRUE
13;1st Class;£9,270.00;Southampton;TRUE
36;1st Class;£9,270.00;Southampton;TRUE
36;1st Class;£9,270.00;Southampton;TRUE
49;1st Class;£2,010.00;Southampton;FALSE
36;1st Class;£2,140.00;Cherbourg;TRUE
36;1st Class;£6,090.00;Southampton;FALSE
25;1st Class;£6,090.00;Southampton;TRUE
46;1st Class;£4,720.00;Southampton;FALSE
47;1st Class;£4,720.00;Southampton;TRUE
27;1st Class;£4,100.00;Southampton;TRUE
32;1st Class;£4,100.00;Southampton;TRUE
36;1st Class;£20,300.00;Cherbourg;TRUE
30;1st Class;£6,680.00;Southampton;TRUE
45;1st Class;£2,290.00;Cherbourg;TRUE
48;1st Class;£4,250.00;Southampton;TRUE
40;1st Class;;Belfast;FALSE
27;1st Class;£10,600.00;Cherbourg;FALSE
26;1st Class;£10,600.00;Cherbourg;TRUE
22;1st Class;£11,700.00;Southampton;TRUE
40;1st Class;£4,020.00;Southampton;FALSE
37;1st Class;£1,980.00;Southampton;FALSE
39;1st Class;£6,420.00;Cherbourg;TRUE
37;1st Class;£6,420.00;Cherbourg;FALSE
64;1st Class;£6,420.00;Cherbourg;TRUE
55;1st Class;£1,990.00;Southampton;TRUE
59;1st Class;£2,050.00;Southampton;FALSE
70;1st Class;£5,480.00;Southampton;FALSE
39;1st Class;£2,050.00;Southampton;TRUE
64;1st Class;£5,480.00;Southampton;TRUE
39;1st Class;£5,500.00;Cherbourg;FALSE
35;1st Class;£5,500.00;Cherbourg;TRUE
51;1st Class;£2,050.00;Southampton;TRUE
27;1st Class;£2,360.00;Southampton;TRUE
33;1st Class;£11,700.00;Southampton;TRUE
31;1st Class;£4,020.00;Cherbourg;FALSE
27;1st Class;£4,020.00;Cherbourg;TRUE
31;1st Class;£4,400.00;Southampton;TRUE
17;1st Class;£4,400.00;Southampton;TRUE
52;1st Class;£6,320.00;Southampton;TRUE
4;1st Class;£6,320.00;Southampton;TRUE
34;1st Class;£6,320.00;Southampton;TRUE
50;1st Class;£8,220.00;Cherbourg;FALSE
48;1st Class;£8,220.00;Cherbourg;TRUE
27;1st Class;£19,100.00;Cherbourg;TRUE
48;1st Class;£4,400.00;Cherbourg;TRUE
49;1st Class;£3,060.00;Cherbourg;TRUE
39;1st Class;£2,290.00;Cherbourg;FALSE
23;1st Class;£6,420.00;Cherbourg;TRUE
39;1st Class;£19,100.00;Cherbourg;TRUE
54;1st Class;£6,040.00;Cherbourg;TRUE
36;1st Class;£2,450.00;Cherbourg;FALSE
57;1st Class;£17,100.00;Southampton;FALSE
48;1st Class;£2,450.00;Cherbourg;TRUE
42;1st Class;£8,560.00;Cherbourg;TRUE
36;1st Class;£2,030.00;Southampton;TRUE
30;1st Class;£2,140.00;Southampton;FALSE
24;1st Class;£20,300.00;Southampton;TRUE
28;1st Class;£20,300.00;Southampton;TRUE
23;1st Class;£20,300.00;Southampton;TRUE
19;1st Class;£20,300.00;Southampton;FALSE
64;1st Class;£20,300.00;Southampton;FALSE
60;1st Class;£20,300.00;Southampton;TRUE
60;1st Class;£6,120.00;Cherbourg;TRUE
48;1st Class;£6,120.00;Cherbourg;TRUE
22;1st Class;£3,820.00;Cherbourg;TRUE
31;1st Class;£4,400.00;Cherbourg;TRUE
37;1st Class;£2,050.00;Southampton;FALSE
49;1st Class;£10,300.00;Cherbourg;TRUE
43;1st Class;£2,140.00;Cherbourg;TRUE
42;1st Class;£10,300.00;Cherbourg;TRUE
39;1st Class;;Southampton;FALSE
37;1st Class;£4,100.00;Southampton;FALSE
35;1st Class;£4,100.00;Southampton;TRUE
47;1st Class;£2,970.00;Southampton;FALSE
22;1st Class;£4,590.00;Cherbourg;TRUE
44;1st Class;£4,590.00;Cherbourg;TRUE
35;1st Class;£16,300.00;Southampton;TRUE
24;1st Class;£6,120.00;Cherbourg;FALSE
47;1st Class;£6,880.00;Cherbourg;TRUE
40;1st Class;£6,880.00;Cherbourg;TRUE
71;1st Class;£2,680.00;Cherbourg;FALSE
53;1st Class;£2,200.00;Southampton;TRUE
19;1st Class;£11,900.00;Southampton;TRUE
38;1st Class;£2,320.00;Southampton;FALSE
59;1st Class;£11,900.00;Southampton;TRUE
23;1st Class;£4,890.00;Cherbourg;TRUE
45;1st Class;£4,890.00;Cherbourg;TRUE
46;1st Class;£6,120.00;Cherbourg;FALSE
25;1st Class;£4,280.00;Cherbourg;TRUE
21;1st Class;£4,280.00;Cherbourg;TRUE
48;1st Class;£5,930.00;Cherbourg;TRUE
49;1st Class;£5,930.00;Cherbourg;TRUE
37;1st Class;£3,270.00;Southampton;FALSE
45;1st Class;£6,450.00;Southampton;FALSE
35;1st Class;£6,450.00;Southampton;TRUE
45;1st Class;;Southampton;FALSE
27;1st Class;£5,930.00;Cherbourg;TRUE
45;1st Class;£2,320.00;Southampton;TRUE
24;1st Class;£6,420.00;Cherbourg;TRUE
55;1st Class;£7,220.00;Southampton;FALSE
52;1st Class;£7,220.00;Southampton;TRUE
42;1st Class;£3,280.00;Southampton;FALSE
44;1st Class;£4,000.00;Southampton;FALSE
55;1st Class;£3,860.00;Southampton;FALSE
17;1st Class;£4,480.00;Cherbourg;TRUE
44;1st Class;£4,480.00;Cherbourg;TRUE
51;1st Class;£6,020.00;Cherbourg;TRUE
42;1st Class;£4,020.00;Southampton;FALSE
35;1st Class;£4,020.00;Southampton;TRUE
40;1st Class;£2,050.00;Southampton;TRUE
38;1st Class;£7,720.00;Southampton;TRUE
42;1st Class;£2,370.00;Cherbourg;FALSE
31;1st Class;£7,720.00;Southampton;TRUE
38;1st Class;£6,180.00;Southampton;TRUE
50;1st Class;£2,220.00;Cherbourg;FALSE
49;1st Class;;Southampton;TRUE
46;1st Class;£2,010.00;Southampton;FALSE
50;1st Class;£2,010.00;Southampton;FALSE
33;1st Class;£16,300.00;Southampton;FALSE
58;1st Class;£2,290.00;Cherbourg;FALSE
41;1st Class;£4,000.00;Southampton;FALSE
31;1st Class;£4,000.00;Southampton;TRUE
42;1st Class;£4,060.00;Southampton;TRUE
45;1st Class;£4,060.00;Southampton;TRUE
;1st Class;£2,050.00;Southampton;FALSE
29;1st Class;£16,300.00;Southampton;TRUE
;1st Class;£2,700.00;Southampton;FALSE
49;1st Class;£2,000.00;Southampton;TRUE
27;1st Class;£8,220.00;Cherbourg;TRUE
35;1st Class;£39,600.00;Cherbourg;TRUE
31;1st Class;£2,140.00;Cherbourg;FALSE
42;1st Class;£2,050.00;Southampton;FALSE
55;1st Class;£2,140.00;Cherbourg;TRUE
16;1st Class;£3,040.00;Cherbourg;TRUE
50;1st Class;£3,040.00;Cherbourg;TRUE
29;1st Class;£2,320.00;Southampton;FALSE
21;1st Class;£6,020.00;Cherbourg;TRUE
30;1st Class;£3,510.00;Southampton;FALSE
59;1st Class;£11,300.00;Cherbourg;TRUE
16;1st Class;£16,300.00;Southampton;TRUE
30;1st Class;£2,010.00;Southampton;FALSE
19;1st Class;£6,680.00;Southampton;TRUE
28;1st Class;£2,290.00;Cherbourg;TRUE
18;1st Class;£4,100.00;Southampton;FALSE
18;1st Class;£4,100.00;Southampton;TRUE
24;1st Class;£3,820.00;Cherbourg;TRUE
46;1st Class;£5,810.00;Southampton;FALSE
54;1st Class;£4,000.00;Southampton;FALSE
35;1st Class;£2,030.00;Southampton;TRUE
28;1st Class;£6,350.00;Cherbourg;FALSE
25;1st Class;£6,350.00;Cherbourg;TRUE
65;1st Class;£2,050.00;Cherbourg;FALSE
44;1st Class;£6,950.00;;FALSE
33;1st Class;£6,950.00;;TRUE
37;1st Class;£6,950.00;;TRUE
30;1st Class;£4,460.00;Cherbourg;TRUE
55;1st Class;£2,360.00;Southampton;FALSE
47;1st Class;£3,270.00;Southampton;FALSE
36;1st Class;£2,290.00;Cherbourg;FALSE
31;1st Class;£8,750.00;Cherbourg;TRUE
23;1st Class;£8,750.00;Cherbourg;TRUE
58;1st Class;£8,750.00;Cherbourg;FALSE
19;1st Class;£2,030.00;Southampton;TRUE
64;1st Class;£2,010.00;Southampton;FALSE
20;1st Class;£1,070.00;Cherbourg;TRUE
39;1st Class;£8,410.00;Cherbourg;TRUE
29;1st Class;£1,990.00;Cherbourg;TRUE
22;1st Class;£4,790.00;Southampton;TRUE
64;1st Class;£4,790.00;Southampton;FALSE
36;1st Class;£2,140.00;Cherbourg;FALSE
29;1st Class;;Belfast;FALSE
40;1st Class;£2,200.00;Southampton;FALSE
22;1st Class;£7,220.00;Southampton;FALSE
24;1st Class;£8,410.00;Cherbourg;FALSE
22;1st Class;£8,410.00;Cherbourg;TRUE
29;1st Class;£5,140.00;Southampton;FALSE
22;1st Class;£5,140.00;Southampton;TRUE
33;1st Class;£7,220.00;Southampton;TRUE
52;1st Class;£2,360.00;Southampton;TRUE
46;1st Class;£4,020.00;Southampton;FALSE
56;1st Class;£6,420.00;Cherbourg;TRUE
38;1st Class;;Cherbourg;FALSE
36;1st Class;£3,060.00;Cherbourg;TRUE
22;1st Class;£10,500.00;Cherbourg;FALSE
42;1st Class;£19,100.00;Cherbourg;FALSE
43;1st Class;£16,300.00;Southampton;TRUE
31;1st Class;£3,900.00;Southampton;FALSE
45;1st Class;£2,050.00;Southampton;TRUE
38;1st Class;£3,860.00;Southampton;FALSE
34;1st Class;£2,140.00;Cherbourg;TRUE
46;1st Class;£6,120.00;Cherbourg;FALSE
36;1st Class;£3,100.00;Southampton;FALSE
33;1st Class;£6,680.00;Southampton;TRUE
46;1st Class;£4,590.00;Cherbourg;FALSE
54;1st Class;£4,590.00;Cherbourg;TRUE
59;1st Class;£2,050.00;Southampton;FALSE
13;1st Class;£20,300.00;Cherbourg;TRUE
18;1st Class;£20,300.00;Cherbourg;TRUE
21;1st Class;£20,300.00;Cherbourg;TRUE
61;1st Class;£20,300.00;Cherbourg;FALSE
48;1st Class;£20,300.00;Cherbourg;TRUE
24;1st Class;£5,350.00;Cherbourg;TRUE
47;1st Class;£2,360.00;Southampton;TRUE
43;1st Class;£2,010.00;Cherbourg;TRUE
35;1st Class;£4,460.00;Cherbourg;TRUE
30;1st Class;£2,390.00;Southampton;TRUE
34;1st Class;£2,050.00;Southampton;TRUE
40;1st Class;£11,900.00;Southampton;TRUE
35;1st Class;£2,030.00;Southampton;TRUE
50;1st Class;£4,320.00;Cherbourg;FALSE
39;1st Class;£4,320.00;Cherbourg;TRUE
56;1st Class;£2,740.00;Southampton;TRUE
28;1st Class;£2,740.00;Southampton;TRUE
56;1st Class;£2,050.00;Southampton;FALSE
56;1st Class;£2,370.00;Cherbourg;FALSE
24;1st Class;£4,630.00;Cherbourg;FALSE
;1st Class;£2,010.00;Southampton;FALSE
18;1st Class;£4,630.00;Cherbourg;TRUE
24;1st Class;£6,350.00;Southampton;TRUE
23;1st Class;£6,350.00;Southampton;TRUE
6;1st Class;£10,400.00;Cherbourg;TRUE
45;1st Class;£10,400.00;Cherbourg;TRUE
39;1st Class;£10,400.00;Cherbourg;TRUE
57;1st Class;£11,300.00;Cherbourg;FALSE
45;1st Class;£11,300.00;Cherbourg;TRUE
32;1st Class;£2,360.00;Southampton;TRUE
62;1st Class;£2,050.00;Southampton;FALSE
54;1st Class;£4,280.00;Cherbourg;TRUE
44;1st Class;£4,280.00;Cherbourg;TRUE
52;1st Class;£6,040.00;Cherbourg;TRUE
54;1st Class;£2,140.00;Cherbourg;FALSE
62;1st Class;£6,180.00;Southampton;TRUE
67;1st Class;£17,100.00;Southampton;FALSE
63;1st Class;£17,100.00;Southampton;FALSE
61;1st Class;£2,500.00;Southampton;FALSE
46;1st Class;£2,000.00;Southampton;TRUE
18;1st Class;£6,150.00;Southampton;TRUE
52;1st Class;£6,150.00;Southampton;FALSE
39;1st Class;£6,150.00;Southampton;TRUE
48;1st Class;£4,020.00;Southampton;TRUE
49;1st Class;£4,020.00;Southampton;TRUE
49;1st Class;£8,560.00;Cherbourg;FALSE
17;1st Class;£8,560.00;Cherbourg;TRUE
39;1st Class;£8,560.00;Cherbourg;TRUE
38;1st Class;£6,190.00;Cherbourg;TRUE
31;1st Class;£2,200.00;Cherbourg;TRUE
39;1st Class;£2,140.00;Cherbourg;FALSE
61;1st Class;£2,590.00;Belfast;FALSE
48;1st Class;£2,640.00;Southampton;FALSE
38;1st Class;£39,600.00;Cherbourg;TRUE
63;1st Class;£5,810.00;Cherbourg;FALSE
60;1st Class;£5,810.00;Cherbourg;TRUE
59;1st Class;£2,050.00;Southampton;FALSE
54;1st Class;£5,970.00;Southampton;FALSE
21;1st Class;£5,970.00;Southampton;FALSE
55;1st Class;£10,500.00;Cherbourg;TRUE
31;1st Class;£12,700.00;Southampton;TRUE
57;1st Class;£12,700.00;Southampton;FALSE
45;1st Class;£12,700.00;Southampton;TRUE
50;1st Class;£16,300.00;Southampton;FALSE
27;1st Class;£16,300.00;Southampton;FALSE
50;1st Class;£16,300.00;Southampton;TRUE
21;1st Class;£2,050.00;Southampton;TRUE
51;1st Class;£4,740.00;Cherbourg;FALSE
21;1st Class;£4,740.00;Cherbourg;TRUE
31;1st Class;£10,400.00;Cherbourg;TRUE
45;1st Class;£2,740.00;Southampton;TRUE
62;1st Class;£2,050.00;Southampton;FALSE
36;1st Class;£10,500.00;Cherbourg;TRUE
30;2nd Class;£1,850.00;Cherbourg;FALSE
28;2nd Class;£1,850.00;Cherbourg;TRUE
30;2nd Class;£1,000.00;Southampton;FALSE
17;2nd Class;£888.00;Southampton;FALSE
25;2nd Class;£811.00;Southampton;FALSE
32;2nd Class;£2,010.00;Southampton;FALSE
36;2nd Class;£2,010.00;Southampton;TRUE
57;2nd Class;£1,000.00;Southampton;FALSE
15;2nd Class;£888.00;Southampton;FALSE
23;2nd Class;£811.00;Southampton;FALSE
36;2nd Class;£1,000.00;Southampton;TRUE
28;2nd Class;£811.00;Southampton;FALSE
51;2nd Class;£967.00;Southampton;FALSE
32;2nd Class;£2,010.00;Southampton;TRUE
19;2nd Class;£2,010.00;Southampton;TRUE
28;2nd Class;£2,010.00;Southampton;FALSE
1;2nd Class;£3,010.00;Southampton;TRUE
4;2nd Class;£3,010.00;Southampton;TRUE
12;2nd Class;£3,010.00;Southampton;TRUE
35;2nd Class;£3,010.00;Southampton;TRUE
34;2nd Class;£1,000.00;Southampton;TRUE
19;2nd Class;£1,000.00;Southampton;TRUE
23;2nd Class;£1,000.00;Southampton;FALSE
25;2nd Class;£1,000.00;Southampton;FALSE
42;2nd Class;£1,000.00;Southampton;FALSE
29;2nd Class;£1,000.00;Southampton;FALSE
24;2nd Class;;Southampton;FALSE
20;2nd Class;;Southampton;FALSE
32;2nd Class;£1,000.00;Southampton;FALSE
18;2nd Class;£1,000.00;Southampton;TRUE
15;2nd Class;£3,010.00;Southampton;TRUE
60;2nd Class;£3,010.00;Southampton;FALSE
40;2nd Class;£3,010.00;Southampton;TRUE
20;2nd Class;£2,010.00;Southampton;TRUE
25;2nd Class;£2,010.00;Southampton;FALSE
36;2nd Class;£1,000.00;Southampton;TRUE
25;2nd Class;£1,000.00;Southampton;FALSE
42;2nd Class;£1,000.00;Southampton;FALSE
42;2nd Class;£1,000.00;Southampton;TRUE
0;2nd Class;£2,240.00;Southampton;TRUE
26;2nd Class;£2,240.00;Southampton;TRUE
28;2nd Class;£2,240.00;Southampton;TRUE
35;2nd Class;£1,620.00;Southampton;TRUE
21;2nd Class;;Belfast;FALSE
19;2nd Class;£1,000.00;Southampton;FALSE
54;2nd Class;£2,010.00;Southampton;FALSE
45;2nd Class;£2,010.00;Southampton;FALSE
52;2nd Class;£1,040.00;Southampton;FALSE
36;2nd Class;£2,010.00;Southampton;FALSE
28;2nd Class;£2,010.00;Southampton;FALSE
25;2nd Class;£2,320.00;Southampton;TRUE
45;2nd Class;£2,320.00;Southampton;TRUE
29;2nd Class;£2,010.00;Southampton;FALSE
30;2nd Class;;Southampton;FALSE
28;2nd Class;£2,080.00;Southampton;TRUE
29;2nd Class;£811.00;Southampton;FALSE
27;2nd Class;£1,000.00;Southampton;FALSE
25;2nd Class;£811.00;Southampton;TRUE
8;2nd Class;£2,030.00;Southampton;TRUE
31;2nd Class;£2,030.00;Southampton;FALSE
31;2nd Class;£2,030.00;Southampton;TRUE
22;2nd Class;£811.00;Southampton;TRUE
30;2nd Class;£1,000.00;Southampton;FALSE
30;2nd Class;£1,620.00;Southampton;FALSE
20;2nd Class;£888.00;Southampton;FALSE
21;2nd Class;;Belfast;FALSE
8;2nd Class;£2,840.00;Southampton;TRUE
21;2nd Class;£5,680.00;Southampton;FALSE
48;2nd Class;£2,840.00;Southampton;TRUE
28;2nd Class;£1,000.00;Southampton;TRUE
20;2nd Class;£5,680.00;Southampton;FALSE
29;2nd Class;£2,140.00;Cherbourg;FALSE
24;2nd Class;£2,140.00;Cherbourg;TRUE
25;2nd Class;£2,430.00;Southampton;FALSE
18;2nd Class;£5,680.00;Southampton;FALSE
18;2nd Class;£1,780.00;Southampton;TRUE
34;2nd Class;£1,780.00;Southampton;TRUE
55;2nd Class;£2,010.00;Southampton;FALSE
8;2nd Class;£2,510.00;Southampton;TRUE
42;2nd Class;£2,510.00;Southampton;FALSE
34;2nd Class;£2,510.00;Southampton;TRUE
27;2nd Class;£1,070.00;Cherbourg;TRUE
30;2nd Class;£1,070.00;Cherbourg;TRUE
23;2nd Class;£1,000.00;Southampton;FALSE
21;2nd Class;£1,000.00;Southampton;FALSE
18;2nd Class;£1,000.00;Southampton;FALSE
40;2nd Class;£2,010.00;Southampton;FALSE
18;2nd Class;£811.00;Southampton;FALSE
38;2nd Class;£1,000.00;Southampton;FALSE
37;2nd Class;;Belfast;FALSE
38;2nd Class;£1,000.00;Southampton;FALSE
35;2nd Class;£2,010.00;Southampton;FALSE
38;2nd Class;£1,620.00;Southampton;FALSE
33;2nd Class;£1,620.00;Southampton;FALSE
34;2nd Class;£1,000.00;Southampton;TRUE
16;2nd Class;£2,010.00;Southampton;FALSE
26;2nd Class;£811.00;Southampton;FALSE
47;2nd Class;£811.00;Southampton;FALSE
21;2nd Class;£888.00;Southampton;FALSE
20;2nd Class;£888.00;Southampton;FALSE
24;2nd Class;£1,040.00;Southampton;FALSE
24;2nd Class;£1,000.00;Southampton;FALSE
34;2nd Class;£1,000.00;Southampton;FALSE
30;2nd Class;£1,000.00;Southampton;FALSE
52;2nd Class;£1,000.00;Southampton;FALSE
0;2nd Class;£1,120.00;Southampton;TRUE
23;2nd Class;£1,120.00;Southampton;TRUE
30;2nd Class;£1,000.00;Southampton;FALSE
44;2nd Class;£1,000.00;Southampton;FALSE
6;2nd Class;£2,550.00;Southampton;TRUE
39;2nd Class;£2,550.00;Southampton;FALSE
62;2nd Class;£811.00;Southampton;TRUE
30;2nd Class;£811.00;Southampton;FALSE
7;2nd Class;£2,030.00;Southampton;TRUE
47;2nd Class;£2,030.00;Southampton;FALSE
48;2nd Class;£2,030.00;Southampton;TRUE
33;2nd Class;;Southampton;FALSE
24;2nd Class;£5,020.00;Southampton;TRUE
24;2nd Class;£5,020.00;Southampton;TRUE
49;2nd Class;£5,020.00;Southampton;FALSE
48;2nd Class;£5,020.00;Southampton;TRUE
56;2nd Class;£1,240.00;Southampton;TRUE
24;2nd Class;£5,680.00;Southampton;FALSE
30;2nd Class;£5,680.00;Southampton;FALSE
20;2nd Class;£5,680.00;Southampton;FALSE
18;2nd Class;£1,000.00;Southampton;FALSE
20;2nd Class;£1,780.00;Southampton;TRUE
23;2nd Class;£888.00;Southampton;FALSE
36;2nd Class;£1,000.00;Southampton;FALSE
54;2nd Class;£1,780.00;Southampton;TRUE
50;2nd Class;£1,000.00;Southampton;FALSE
44;2nd Class;£2,010.00;Southampton;FALSE
29;2nd Class;£2,010.00;Southampton;TRUE
22;2nd Class;£5,680.00;Southampton;FALSE
41;2nd Class;£1,000.00;Southampton;TRUE
63;2nd Class;£2,010.00;Southampton;FALSE
60;2nd Class;£2,010.00;Southampton;FALSE
29;2nd Class;;Southampton;FALSE
33;2nd Class;£948.00;Southampton;FALSE
17;2nd Class;£811.00;Southampton;TRUE
40;2nd Class;£2,080.00;Southampton;FALSE
24;2nd Class;£2,080.00;Southampton;TRUE
47;2nd Class;£1,160.00;Southampton;FALSE
24;2nd Class;£2,430.00;Southampton;FALSE
22;2nd Class;£2,430.00;Southampton;FALSE
32;2nd Class;£811.00;Southampton;FALSE
23;2nd Class;£1,060.00;Cherbourg;TRUE
34;2nd Class;£2,010.00;Southampton;FALSE
24;2nd Class;£2,010.00;Southampton;TRUE
28;2nd Class;£1,620.00;Southampton;FALSE
46;2nd Class;£954.00;Queenstown;TRUE
35;2nd Class;£954.00;Queenstown;FALSE
45;2nd Class;£1,040.00;Southampton;TRUE
52;2nd Class;£954.00;Queenstown;FALSE
39;2nd Class;;Belfast;FALSE
23;2nd Class;;Southampton;FALSE
31;2nd Class;£811.00;Southampton;FALSE
36;2nd Class;£994.00;Southampton;FALSE
35;2nd Class;£2,010.00;Southampton;FALSE
34;2nd Class;£2,010.00;Southampton;FALSE
30;2nd Class;£827.00;Queenstown;FALSE
1;2nd Class;£3,210.00;Cherbourg;TRUE
3;2nd Class;£3,210.00;Cherbourg;TRUE
25;2nd Class;£3,210.00;Cherbourg;FALSE
22;2nd Class;£3,210.00;Cherbourg;TRUE
17;2nd Class;£927.00;Cherbourg;TRUE
31;2nd Class;£2,550.00;Southampton;TRUE
34;2nd Class;£811.00;Southampton;TRUE
25;2nd Class;£811.00;Southampton;FALSE
61;2nd Class;£954.00;Queenstown;FALSE
50;2nd Class;£2,010.00;Southampton;FALSE
42;2nd Class;£2,010.00;Southampton;TRUE
23;2nd Class;£606.00;Southampton;TRUE
57;2nd Class;£811.00;Southampton;FALSE
25;2nd Class;£1,160.00;Cherbourg;FALSE
1;2nd Class;£2,860.00;Cherbourg;TRUE
31;2nd Class;£2,860.00;Cherbourg;FALSE
24;2nd Class;£2,860.00;Cherbourg;TRUE
30;2nd Class;£1,200.00;Cherbourg;FALSE
30;2nd Class;£1,000.00;Southampton;FALSE
36;2nd Class;£1,240.00;Southampton;FALSE
32;2nd Class;£1,040.00;Southampton;FALSE
30;2nd Class;£1,000.00;Southampton;FALSE
46;2nd Class;£2,010.00;Southampton;FALSE
13;2nd Class;£1,510.00;Southampton;TRUE
41;2nd Class;£1,510.00;Southampton;TRUE
19;2nd Class;£811.00;Southampton;TRUE
31;2nd Class;£1,000.00;Southampton;FALSE
48;2nd Class;£1,000.00;Southampton;FALSE
71;2nd Class;£811.00;Southampton;FALSE
27;2nd Class;£1,000.00;Southampton;FALSE
54;2nd Class;£1,080.00;Southampton;FALSE
38;2nd Class;£2,010.00;Southampton;FALSE
16;2nd Class;£811.00;Southampton;FALSE
63;2nd Class;£748.00;Queenstown;FALSE
28;2nd Class;£2,320.00;Cherbourg;FALSE
14;2nd Class;£2,320.00;Cherbourg;TRUE
2;2nd Class;£2,010.00;Southampton;TRUE
3;2nd Class;£2,010.00;Southampton;TRUE
32;2nd Class;£2,010.00;Southampton;FALSE
26;2nd Class;£1,000.00;Southampton;FALSE
19;2nd Class;£2,840.00;Southampton;FALSE
28;2nd Class;£1,040.00;Southampton;FALSE
29;2nd Class;£811.00;Southampton;TRUE
38;2nd Class;£1,000.00;Southampton;FALSE
22;2nd Class;£811.00;Southampton;TRUE
26;2nd Class;£1,070.00;Cherbourg;TRUE
23;2nd Class;£811.00;Southampton;FALSE
29;2nd Class;£1,070.00;Cherbourg;TRUE
28;2nd Class;£811.00;Southampton;FALSE
18;2nd Class;;Belfast;FALSE
59;2nd Class;£2,010.00;Southampton;TRUE
19;2nd Class;£811.00;Southampton;FALSE
39;2nd Class;£1,160.00;Cherbourg;FALSE
41;2nd Class;£1,000.00;Southampton;FALSE
21;2nd Class;£1,620.00;Southampton;TRUE
19;2nd Class;£2,010.00;Southampton;TRUE
42;2nd Class;£1,620.00;Southampton;FALSE
32;2nd Class;£1,000.00;Southampton;TRUE
24;2nd Class;£1,000.00;Southampton;FALSE
30;2nd Class;£984.00;Cherbourg;TRUE
27;2nd Class;£1,190.00;Cherbourg;FALSE
2;2nd Class;£2,010.00;Southampton;TRUE
8;2nd Class;£2,010.00;Southampton;TRUE
33;2nd Class;£2,010.00;Southampton;TRUE
36;2nd Class;£811.00;Southampton;FALSE
33;2nd Class;£1,620.00;Southampton;FALSE
30;2nd Class;£1,620.00;Southampton;TRUE
28;2nd Class;£1,000.00;Southampton;TRUE
23;2nd Class;£1,160.00;Cherbourg;FALSE
0;2nd Class;£1,450.00;Southampton;TRUE
3;2nd Class;£1,450.00;Southampton;TRUE
24;2nd Class;£1,450.00;Southampton;TRUE
50;2nd Class;£811.00;Southampton;TRUE
18;2nd Class;£811.00;Southampton;FALSE
21;2nd Class;£811.00;Southampton;TRUE
26;2nd Class;£1,000.00;Southampton;FALSE
25;2nd Class;£1,000.00;Southampton;FALSE
27;2nd Class;£2,010.00;Southampton;FALSE
25;2nd Class;£2,010.00;Southampton;TRUE
17;2nd Class;£1,000.00;Southampton;TRUE
20;2nd Class;£2,840.00;Southampton;TRUE
30;2nd Class;£1,000.00;Southampton;TRUE
59;2nd Class;£1,040.00;Southampton;FALSE
30;2nd Class;£954.00;Queenstown;TRUE
35;2nd Class;£811.00;Southampton;FALSE
39;2nd Class;£1,000.00;Southampton;TRUE
25;2nd Class;£1,000.00;Southampton;FALSE
42;2nd Class;£1,160.00;Cherbourg;FALSE
25;2nd Class;£811.00;Southampton;FALSE
26;2nd Class;£1,000.00;Southampton;FALSE
14;2nd Class;£5,020.00;Southampton;FALSE
32;2nd Class;;Southampton;FALSE
48;2nd Class;£811.00;Southampton;TRUE
23;2nd Class;£1,000.00;Southampton;FALSE
26;2nd Class;£977.00;Southampton;TRUE
27;2nd Class;£811.00;Southampton;TRUE
29;2nd Class;£1,620.00;Southampton;FALSE
27;2nd Class;£1,620.00;Southampton;FALSE
40;2nd Class;£1,000.00;Southampton;FALSE
36;2nd Class;£1,620.00;Southampton;TRUE
45;2nd Class;£1,620.00;Southampton;FALSE
23;2nd Class;£811.00;Southampton;FALSE
31;2nd Class;£1,620.00;Southampton;TRUE
15;2nd Class;;Belfast;FALSE
12;2nd Class;£1,220.00;Southampton;TRUE
40;2nd Class;£1,220.00;Southampton;TRUE
37;2nd Class;£1,000.00;Southampton;TRUE
28;2nd Class;£2,010.00;Southampton;FALSE
37;2nd Class;£2,010.00;Southampton;TRUE
2;2nd Class;£1,780.00;Southampton;TRUE
4;2nd Class;£1,780.00;Southampton;TRUE
29;2nd Class;£1,780.00;Southampton;TRUE
0;2nd Class;£2,140.00;Southampton;TRUE
4;2nd Class;£2,140.00;Southampton;TRUE
36;2nd Class;£2,140.00;Southampton;FALSE
33;2nd Class;£2,140.00;Southampton;TRUE
66;2nd Class;£811.00;Southampton;FALSE
24;2nd Class;£994.00;Southampton;FALSE
32;2nd Class;£1,000.00;Southampton;TRUE
35;2nd Class;£2,010.00;Southampton;TRUE
23;2nd Class;£1,000.00;Southampton;TRUE
32;2nd Class;;Southampton;FALSE
26;2nd Class;£1,040.00;Southampton;TRUE
24;2nd Class;£1,000.00;Southampton;FALSE
23;3rd Class;£712.00;Southampton;FALSE
30;3rd Class;£560.00;Southampton;FALSE
22;3rd Class;£600.00;Southampton;TRUE
42;3rd Class;£583.00;Southampton;FALSE
14;3rd Class;£1,560.00;Southampton;FALSE
16;3rd Class;£1,560.00;Southampton;FALSE
39;3rd Class;£1,560.00;Southampton;TRUE
16;3rd Class;£591.00;Southampton;TRUE
25;3rd Class;£591.00;Southampton;TRUE
20;3rd Class;£612.00;Southampton;TRUE
18;3rd Class;£558.00;Cherbourg;TRUE
26;3rd Class;£622.00;Southampton;FALSE
40;3rd Class;£732.00;Southampton;FALSE
0.8;3rd Class;£722.00;Southampton;TRUE
18;3rd Class;£722.00;Southampton;TRUE
26;3rd Class;£1,450.00;Cherbourg;TRUE
23;3rd Class;£609.00;Southampton;FALSE
19;3rd Class;£612.00;Southampton;FALSE
24;3rd Class;£544.00;Southampton;FALSE
25;3rd Class;£544.00;Southampton;FALSE
35;3rd Class;£622.00;Southampton;FALSE
15;3rd Class;£641.00;Southampton;FALSE
19;3rd Class;£606.00;Southampton;TRUE
33;3rd Class;£1,740.00;Southampton;FALSE
4;3rd Class;£2,420.00;Southampton;FALSE
6;3rd Class;£2,420.00;Southampton;FALSE
2;3rd Class;£2,420.00;Southampton;FALSE
17;3rd Class;£612.00;Southampton;TRUE
38;3rd Class;£600.00;Southampton;FALSE
9;3rd Class;£2,420.00;Southampton;FALSE
11;3rd Class;£2,420.00;Southampton;FALSE
39;3rd Class;£2,420.00;Southampton;FALSE
26;3rd Class;£600.00;Southampton;FALSE
39;3rd Class;£2,420.00;Southampton;FALSE
20;3rd Class;£606.00;Southampton;FALSE
26;3rd Class;£610.00;Southampton;FALSE
25;3rd Class;£1,380.00;Southampton;FALSE
18;3rd Class;£1,380.00;Southampton;FALSE
24;3rd Class;£600.00;Southampton;FALSE
35;3rd Class;£544.00;Southampton;FALSE
5;3rd Class;£2,420.00;Southampton;FALSE
9;3rd Class;£2,420.00;Southampton;FALSE
3;3rd Class;£2,420.00;Southampton;TRUE
13;3rd Class;£2,420.00;Southampton;FALSE
5;3rd Class;£2,420.00;Southampton;TRUE
40;3rd Class;£2,420.00;Southampton;FALSE
23;3rd Class;£602.00;Southampton;TRUE
38;3rd Class;£2,420.00;Southampton;TRUE
45;3rd Class;£558.00;Cherbourg;TRUE
23;3rd Class;£544.00;Southampton;FALSE
27;3rd Class;£558.00;Cherbourg;FALSE
17;3rd Class;£1,120.00;Cherbourg;FALSE
23;3rd Class;£606.00;Southampton;FALSE
15;3rd Class;£558.00;Cherbourg;TRUE
20;3rd Class;£558.00;Cherbourg;FALSE
32;3rd Class;£1,220.00;Southampton;FALSE
33;3rd Class;£1,220.00;Southampton;TRUE
3;3rd Class;£1,490.00;Cherbourg;TRUE
0;3rd Class;£1,490.00;Cherbourg;TRUE
5;3rd Class;£1,490.00;Cherbourg;TRUE
24;3rd Class;£1,490.00;Cherbourg;TRUE
18;3rd Class;£622.00;Southampton;TRUE
40;3rd Class;£558.00;Cherbourg;FALSE
26;3rd Class;£610.00;Southampton;FALSE
31;3rd Class;£671.00;Southampton;TRUE
18;3rd Class;£1,120.00;Cherbourg;FALSE
45;3rd Class;£1,120.00;Cherbourg;FALSE
26;3rd Class;£608.00;Queenstown;FALSE
22;3rd Class;£622.00;Southampton;FALSE
18;3rd Class;£622.00;Southampton;FALSE
26;3rd Class;£600.00;Southampton;FALSE
22;3rd Class;£722.00;Southampton;FALSE
20;3rd Class;£558.00;Cherbourg;FALSE
32;3rd Class;£4,360.00;Southampton;TRUE
21;3rd Class;£600.00;Southampton;FALSE
18;3rd Class;£598.00;Southampton;FALSE
26;3rd Class;£610.00;Southampton;FALSE
9;3rd Class;£1,180.00;Cherbourg;FALSE
7;3rd Class;£1,180.00;Cherbourg;FALSE
40;3rd Class;£1,180.00;Cherbourg;FALSE
40;3rd Class;£598.00;Queenstown;FALSE
42;3rd Class;£1,200.00;Queenstown;FALSE
32;3rd Class;£1,200.00;Queenstown;FALSE
26;3rd Class;£1,240.00;Southampton;FALSE
22;3rd Class;£597.00;Queenstown;TRUE
20;3rd Class;£606.00;Southampton;FALSE
29;3rd Class;£583.00;Southampton;FALSE
22;3rd Class;£560.00;Southampton;FALSE
22;3rd Class;£602.00;Southampton;FALSE
35;3rd Class;£622.00;Southampton;FALSE
22;3rd Class;£562.00;Queenstown;FALSE
21;3rd Class;£602.00;Queenstown;TRUE
19;3rd Class;£521.00;Queenstown;FALSE
17;3rd Class;£608.00;Queenstown;FALSE
21;3rd Class;£669.00;Southampton;FALSE
30;3rd Class;£669.00;Southampton;FALSE
18;3rd Class;£669.00;Southampton;FALSE
38;3rd Class;£669.00;Southampton;FALSE
17;3rd Class;£669.00;Southampton;FALSE
17;3rd Class;£669.00;Southampton;FALSE
22;3rd Class;£598.00;Queenstown;FALSE
21;3rd Class;£598.00;Queenstown;FALSE
21;3rd Class;£622.00;Southampton;FALSE
28;3rd Class;£1,120.00;Cherbourg;FALSE
18;3rd Class;£1,120.00;Cherbourg;FALSE
28;3rd Class;£602.00;Southampton;FALSE
24;3rd Class;£606.00;Southampton;FALSE
45;3rd Class;£598.00;Queenstown;FALSE
28;3rd Class;£560.00;Southampton;FALSE
24;3rd Class;£622.00;Southampton;FALSE
20;3rd Class;£597.00;Queenstown;FALSE
29;3rd Class;£558.00;Cherbourg;FALSE
32;3rd Class;£4,360.00;Southampton;TRUE
29;3rd Class;£622.00;Southampton;FALSE
26;3rd Class;£1,120.00;Cherbourg;FALSE
21;3rd Class;£1,120.00;Cherbourg;FALSE
20;3rd Class;£544.00;Southampton;FALSE
18;3rd Class;£622.00;Southampton;TRUE
24;3rd Class;£560.00;Queenstown;FALSE
24;3rd Class;£610.00;Southampton;FALSE
36;3rd Class;£610.00;Southampton;FALSE
31;3rd Class;£597.00;Queenstown;FALSE
31;3rd Class;£598.00;Queenstown;FALSE
35;3rd Class;£589.00;Queenstown;FALSE
23;3rd Class;£598.00;Queenstown;TRUE
66;3rd Class;£598.00;Queenstown;FALSE
43;3rd Class;£622.00;Southampton;FALSE
35;3rd Class;£610.00;Southampton;FALSE
27;3rd Class;£610.00;Southampton;FALSE
19;3rd Class;£610.00;Southampton;FALSE
30;3rd Class;£622.00;Southampton;FALSE
16;3rd Class;£598.00;Queenstown;TRUE
3;3rd Class;£1,230.00;Southampton;TRUE
9;3rd Class;£1,230.00;Southampton;TRUE
36;3rd Class;£1,230.00;Southampton;TRUE
59;3rd Class;£560.00;Southampton;FALSE
19;3rd Class;£630.00;Southampton;FALSE
16;3rd Class;£1,240.00;Southampton;TRUE
44;3rd Class;£1,240.00;Southampton;FALSE
17;3rd Class;£669.00;Southampton;FALSE
28;3rd Class;£558.00;Cherbourg;FALSE
45;3rd Class;£622.00;Southampton;TRUE
22;3rd Class;£812.00;Southampton;FALSE
19;3rd Class;£785.00;Southampton;FALSE
30;3rd Class;£537.00;Queenstown;TRUE
29;3rd Class;£598.00;Queenstown;TRUE
0;3rd Class;£1,110.00;Southampton;FALSE
34;3rd Class;£1,110.00;Southampton;FALSE
28;3rd Class;£1,110.00;Southampton;FALSE
27;3rd Class;£610.00;Southampton;FALSE
25;3rd Class;£610.00;Southampton;FALSE
24;3rd Class;£1,860.00;Southampton;FALSE
22;3rd Class;£622.00;Southampton;FALSE
21;3rd Class;£1,860.00;Southampton;FALSE
17;3rd Class;£622.00;Southampton;FALSE
32;3rd Class;£1,240.00;Southampton;FALSE
34;3rd Class;£1,240.00;Southampton;TRUE
36;3rd Class;£1,340.00;Southampton;TRUE
36;3rd Class;£1,340.00;Southampton;TRUE
30;3rd Class;£734.00;Southampton;TRUE
16;3rd Class;£734.00;Southampton;FALSE
1;3rd Class;£1,590.00;Southampton;TRUE
0;3rd Class;£1,590.00;Southampton;TRUE
25;3rd Class;£1,590.00;Southampton;FALSE
32;3rd Class;£1,590.00;Southampton;TRUE
25;3rd Class;£610.00;Southampton;FALSE
30;3rd Class;£610.00;Southampton;FALSE
22;3rd Class;£560.00;Southampton;FALSE
26;3rd Class;£560.00;Southampton;FALSE
19;3rd Class;£608.00;Queenstown;TRUE
17;3rd Class;£610.00;Southampton;FALSE
42;3rd Class;£669.00;Southampton;FALSE
43;3rd Class;£610.00;Southampton;FALSE
21;3rd Class;£598.00;Queenstown;FALSE
38;3rd Class;£598.00;Queenstown;FALSE
18;3rd Class;£622.00;Southampton;TRUE
22;3rd Class;£653.00;Queenstown;FALSE
31;3rd Class;£963.00;Southampton;TRUE
24;3rd Class;£598.00;Queenstown;FALSE
33;3rd Class;£610.00;Cherbourg;FALSE
24;3rd Class;£622.00;Southampton;TRUE
19;3rd Class;£583.00;Southampton;TRUE
65;3rd Class;£598.00;Queenstown;FALSE
23;3rd Class;£1,070.00;Southampton;FALSE
22;3rd Class;£1,070.00;Southampton;TRUE
18;3rd Class;£600.00;Southampton;FALSE
16;3rd Class;£600.00;Southampton;FALSE
45;3rd Class;£539.00;Southampton;FALSE
22;3rd Class;£558.00;Cherbourg;FALSE
29;3rd Class;£558.00;Cherbourg;FALSE
15;3rd Class;£558.00;Cherbourg;FALSE
47;3rd Class;£560.00;Southampton;FALSE
5;3rd Class;£963.00;Southampton;TRUE
37;3rd Class;£544.00;Southampton;FALSE
39;3rd Class;£1,170.00;Southampton;FALSE
25;3rd Class;£598.00;Queenstown;FALSE
34;3rd Class;£544.00;Southampton;TRUE
18;3rd Class;£602.00;Southampton;FALSE
22;3rd Class;£598.00;Queenstown;FALSE
28;3rd Class;£598.00;Queenstown;FALSE
42;3rd Class;£537.00;Queenstown;FALSE
19;3rd Class;£608.00;Queenstown;FALSE
20;3rd Class;£598.00;Queenstown;FALSE
32;3rd Class;£4,360.00;Southampton;TRUE
20;3rd Class;£2,650.00;Southampton;FALSE
7;3rd Class;£2,650.00;Southampton;FALSE
22;3rd Class;£622.00;Southampton;FALSE
18;3rd Class;£2,650.00;Southampton;FALSE
16;3rd Class;£2,650.00;Southampton;FALSE
48;3rd Class;£2,650.00;Southampton;FALSE
28;3rd Class;£598.00;Queenstown;FALSE
38;3rd Class;£560.00;Southampton;FALSE
29;3rd Class;£598.00;Queenstown;FALSE
21;3rd Class;£1,120.00;Southampton;FALSE
38;3rd Class;£558.00;Cherbourg;TRUE
21;3rd Class;£558.00;Cherbourg;FALSE
;3rd Class;£610.00;Cherbourg;FALSE
22;3rd Class;£622.00;Southampton;FALSE
17;3rd Class;£597.00;Queenstown;TRUE
19;3rd Class;£598.00;Queenstown;TRUE
9;3rd Class;£1,580.00;Southampton;TRUE
33;3rd Class;£1,580.00;Southampton;FALSE
41;3rd Class;£606.00;Southampton;FALSE
31;3rd Class;£1,580.00;Southampton;TRUE
9;3rd Class;£3,620.00;Southampton;FALSE
1;3rd Class;£3,620.00;Southampton;FALSE
11;3rd Class;£3,620.00;Southampton;FALSE
10;3rd Class;£3,620.00;Southampton;FALSE
16;3rd Class;£3,620.00;Southampton;FALSE
14;3rd Class;£3,620.00;Southampton;FALSE
42;3rd Class;£3,620.00;Southampton;FALSE
43;3rd Class;£3,620.00;Southampton;FALSE
32;3rd Class;£646.00;Southampton;FALSE
40;3rd Class;£622.00;Southampton;FALSE
23;3rd Class;£622.00;Southampton;FALSE
19;3rd Class;£760.00;Southampton;FALSE
37;3rd Class;£612.00;Southampton;FALSE
28;3rd Class;£612.00;Southampton;FALSE
19;3rd Class;£600.00;Southampton;FALSE
24;3rd Class;£683.00;Southampton;FALSE
28;3rd Class;£538.00;Southampton;FALSE
19;3rd Class;£538.00;Southampton;FALSE
28;3rd Class;£1,220.00;Southampton;FALSE
24;3rd Class;£1,220.00;Southampton;TRUE
19;3rd Class;£734.00;Southampton;FALSE
18;3rd Class;£558.00;Cherbourg;FALSE
35;3rd Class;£558.00;Cherbourg;FALSE
27;3rd Class;£558.00;Cherbourg;TRUE
41;3rd Class;£1,090.00;Southampton;FALSE
26;3rd Class;£606.00;Southampton;FALSE
21;3rd Class;£606.00;Southampton;FALSE
45;3rd Class;£1,090.00;Southampton;TRUE
17;3rd Class;£597.00;Queenstown;FALSE
21;3rd Class;£583.00;Southampton;FALSE
28;3rd Class;£530.00;Queenstown;FALSE
11;3rd Class;£1,450.00;Cherbourg;FALSE
29;3rd Class;£598.00;Queenstown;TRUE
27;3rd Class;£539.00;Southampton;TRUE
24;3rd Class;£4,360.00;Southampton;TRUE
18;3rd Class;£521.00;Queenstown;FALSE
26;3rd Class;£612.00;Southampton;TRUE
23;3rd Class;£612.00;Southampton;FALSE
22;3rd Class;£692.00;Southampton;TRUE
28;3rd Class;£610.00;Southampton;FALSE
28;3rd Class;£600.00;Southampton;FALSE
21;3rd Class;£598.00;Queenstown;FALSE
2;3rd Class;£949.00;Southampton;TRUE
22;3rd Class;£949.00;Southampton;TRUE
43;3rd Class;£498.00;Southampton;FALSE
28;3rd Class;£1,740.00;Southampton;FALSE
27;3rd Class;£612.00;Southampton;TRUE
22;3rd Class;£598.00;Queenstown;FALSE
27;3rd Class;£622.00;Southampton;TRUE
42;3rd Class;£591.00;Southampton;FALSE
34;3rd Class;£609.00;Southampton;TRUE
33;3rd Class;£1,120.00;Cherbourg;FALSE
32;3rd Class;£610.00;Southampton;FALSE
27;3rd Class;£612.00;Southampton;FALSE
25;3rd Class;£612.00;Southampton;FALSE
20;3rd Class;£610.00;Southampton;FALSE
27;3rd Class;£606.00;Southampton;FALSE
16;3rd Class;£1,120.00;Cherbourg;FALSE
19;3rd Class;£1,120.00;Cherbourg;FALSE
29;3rd Class;£610.00;Cherbourg;TRUE
21;3rd Class;£602.00;Southampton;TRUE
21;3rd Class;£544.00;Southampton;FALSE
20;3rd Class;£606.00;Southampton;FALSE
48;3rd Class;£545.00;Southampton;FALSE
17;3rd Class;£606.00;Southampton;FALSE
26;3rd Class;£598.00;Queenstown;TRUE
29;3rd Class;£626.00;Southampton;TRUE
34;3rd Class;£502.00;Southampton;FALSE
26;3rd Class;£600.00;Southampton;TRUE
22;3rd Class;£602.00;Southampton;FALSE
33;3rd Class;£668.00;Southampton;FALSE
31;3rd Class;£600.00;Southampton;FALSE
29;3rd Class;£606.00;Southampton;FALSE
4;3rd Class;£860.00;Southampton;TRUE
1;3rd Class;£860.00;Southampton;TRUE
49;3rd Class;;Southampton;FALSE
33;3rd Class;£600.00;Southampton;FALSE
19;3rd Class;;Southampton;FALSE
26;3rd Class;£860.00;Southampton;TRUE
8;3rd Class;£1,810.00;Southampton;FALSE
7;3rd Class;£1,810.00;Southampton;FALSE
35;3rd Class;£1,810.00;Southampton;FALSE
34;3rd Class;£1,810.00;Southampton;FALSE
23;3rd Class;£610.00;Southampton;FALSE
25;3rd Class;£606.00;Southampton;TRUE
39;3rd Class;£558.00;Cherbourg;FALSE
20;3rd Class;£760.00;Southampton;FALSE
21;3rd Class;£760.00;Southampton;FALSE
32;3rd Class;£612.00;Southampton;TRUE
17;3rd Class;£550.00;Southampton;FALSE
21;3rd Class;£651.00;Southampton;FALSE
30;3rd Class;£610.00;Southampton;FALSE
21;3rd Class;£602.00;Southampton;TRUE
33;3rd Class;£606.00;Southampton;FALSE
22;3rd Class;£581.00;Southampton;FALSE
4;3rd Class;£1,040.00;Cherbourg;TRUE
39;3rd Class;£1,040.00;Cherbourg;TRUE
18;3rd Class;£558.00;Cherbourg;FALSE
19;3rd Class;£558.00;Cherbourg;FALSE
23;3rd Class;£598.00;Queenstown;FALSE
39;3rd Class;£560.00;Southampton;FALSE
20;3rd Class;£598.00;Queenstown;TRUE
22;3rd Class;£598.00;Queenstown;TRUE
44;3rd Class;£605.00;Queenstown;FALSE
19;3rd Class;£622.00;Southampton;FALSE
24;3rd Class;£598.00;Queenstown;TRUE
25;3rd Class;£1,120.00;Cherbourg;FALSE
20;3rd Class;£1,120.00;Cherbourg;FALSE
25;3rd Class;£598.00;Queenstown;FALSE
22;3rd Class;£598.00;Queenstown;FALSE
22;3rd Class;£597.00;Queenstown;FALSE
4;3rd Class;£1,720.00;Southampton;TRUE
26;3rd Class;£1,720.00;Southampton;TRUE
22;3rd Class;£669.00;Southampton;FALSE
29;3rd Class;£1,720.00;Southampton;TRUE
26;3rd Class;£669.00;Southampton;FALSE
1;3rd Class;£941.00;Southampton;FALSE
18;3rd Class;£606.00;Southampton;FALSE
36;3rd Class;£941.00;Southampton;FALSE
;3rd Class;£610.00;Cherbourg;FALSE
25;3rd Class;£558.00;Cherbourg;TRUE
26;3rd Class;£583.00;Southampton;FALSE
30;3rd Class;£558.00;Cherbourg;FALSE
37;3rd Class;£740.00;Southampton;FALSE
23;3rd Class;£610.00;Southampton;FALSE
38;3rd Class;£4,360.00;Southampton;TRUE
23;3rd Class;£4,360.00;Southampton;FALSE
22;3rd Class;£560.00;Southampton;TRUE
16;3rd Class;£598.00;Queenstown;FALSE
32;3rd Class;£4,360.00;Southampton;TRUE
22;3rd Class;£600.00;Southampton;FALSE
29;3rd Class;£732.00;Southampton;FALSE
29;3rd Class;£600.00;Southampton;FALSE
22;3rd Class;£558.00;Cherbourg;TRUE
5;3rd Class;£1,970.00;Southampton;FALSE
3;3rd Class;£1,970.00;Southampton;FALSE
8;3rd Class;£1,970.00;Southampton;FALSE
12;3rd Class;£1,970.00;Southampton;FALSE
40;3rd Class;£1,970.00;Southampton;FALSE
32;3rd Class;£612.00;Southampton;FALSE
20;3rd Class;£1,200.00;Queenstown;FALSE
36;3rd Class;;Southampton;FALSE
26;3rd Class;£1,860.00;Southampton;FALSE
24;3rd Class;£734.00;Southampton;FALSE
25;3rd Class;£600.00;Southampton;FALSE
45;3rd Class;£598.00;Southampton;FALSE
36;3rd Class;£1,200.00;Southampton;FALSE
30;3rd Class;£1,200.00;Southampton;FALSE
20;3rd Class;£612.00;Southampton;TRUE
21;3rd Class;£608.00;Queenstown;FALSE
28;3rd Class;£4,360.00;Southampton;FALSE
27;3rd Class;£734.00;Southampton;FALSE
25;3rd Class;£560.00;Southampton;FALSE
30;3rd Class;£1,240.00;Southampton;FALSE
26;3rd Class;£1,240.00;Southampton;FALSE
21;3rd Class;£608.00;Southampton;FALSE
20;3rd Class;£560.00;Southampton;FALSE
29;3rd Class;£669.00;Southampton;TRUE
51;3rd Class;£545.00;Southampton;FALSE
32;3rd Class;£585.00;Southampton;TRUE
30;3rd Class;£497.00;Cherbourg;FALSE
44;3rd Class;£610.00;Southampton;FALSE
22;3rd Class;£550.00;Southampton;FALSE
29;3rd Class;£612.00;Southampton;FALSE
20;3rd Class;£583.00;Southampton;FALSE
21;3rd Class;£598.00;Queenstown;TRUE
24;3rd Class;£551.00;Southampton;TRUE
20;3rd Class;£608.00;Queenstown;FALSE
34;3rd Class;£622.00;Southampton;FALSE
20;3rd Class;£558.00;Cherbourg;TRUE
32;3rd Class;£598.00;Queenstown;FALSE
28;3rd Class;£597.00;Queenstown;TRUE
25;3rd Class;£558.00;Cherbourg;FALSE
23;3rd Class;£610.00;Southampton;FALSE
35;3rd Class;£610.00;Southampton;FALSE
33;3rd Class;£610.00;Cherbourg;FALSE
30;3rd Class;£610.00;Cherbourg;FALSE
24;3rd Class;£598.00;Queenstown;TRUE
19;3rd Class;£598.00;Queenstown;TRUE
29;3rd Class;£1,800.00;Queenstown;TRUE
26;3rd Class;£1,800.00;Queenstown;TRUE
24;3rd Class;£1,800.00;Queenstown;TRUE
31;3rd Class;£600.00;Queenstown;TRUE
19;3rd Class;£1,200.00;Queenstown;FALSE
22;3rd Class;£608.00;Queenstown;TRUE
17;3rd Class;£645.00;Queenstown;TRUE
42;3rd Class;£598.00;Queenstown;FALSE
20;3rd Class;£598.00;Queenstown;FALSE
27;3rd Class;£1,240.00;Southampton;FALSE
19;3rd Class;£1,240.00;Southampton;FALSE
27;3rd Class;£598.00;Queenstown;FALSE
63;3rd Class;£622.00;Southampton;FALSE
22;3rd Class;£598.00;Queenstown;FALSE
31;3rd Class;£622.00;Southampton;FALSE
48;3rd Class;£622.00;Southampton;FALSE
28;3rd Class;£598.00;Queenstown;FALSE
21;3rd Class;£600.00;Southampton;TRUE
28;3rd Class;£610.00;Southampton;FALSE
23;3rd Class;£622.00;Southampton;FALSE
24;3rd Class;£610.00;Southampton;FALSE
21;3rd Class;£610.00;Southampton;FALSE
23;3rd Class;£610.00;Southampton;FALSE
23;3rd Class;£608.00;Queenstown;TRUE
27;3rd Class;£591.00;Southampton;FALSE
7;3rd Class;£963.00;Southampton;TRUE
29;3rd Class;£963.00;Southampton;TRUE
19;3rd Class;£622.00;Southampton;FALSE
28;3rd Class;£1,860.00;Queenstown;TRUE
27;3rd Class;£1,860.00;Queenstown;FALSE
34;3rd Class;£622.00;Southampton;FALSE
30;3rd Class;£598.00;Queenstown;FALSE
29;3rd Class;£600.00;Southampton;TRUE
7;3rd Class;£1,180.00;Cherbourg;TRUE
4;3rd Class;£1,180.00;Cherbourg;TRUE
24;3rd Class;£1,180.00;Cherbourg;TRUE
35;3rd Class;£558.00;Cherbourg;TRUE
22;3rd Class;£558.00;Cherbourg;TRUE
28;3rd Class;£622.00;Southampton;FALSE
21;3rd Class;£597.00;Queenstown;TRUE
18;3rd Class;£1,200.00;Queenstown;FALSE
25;3rd Class;£598.00;Queenstown;TRUE
22;3rd Class;£622.00;Southampton;FALSE
18;3rd Class;£1,200.00;Queenstown;TRUE
25;3rd Class;£1,200.00;Queenstown;TRUE
34;3rd Class;£1,200.00;Queenstown;TRUE
18;3rd Class;£598.00;Southampton;FALSE
22;3rd Class;£610.00;Southampton;FALSE
15;3rd Class;£558.00;Cherbourg;TRUE
17;3rd Class;£558.00;Cherbourg;FALSE
1;3rd Class;£1,220.00;Cherbourg;TRUE
20;3rd Class;£1,220.00;Cherbourg;TRUE
19;3rd Class;£1,220.00;Cherbourg;TRUE
34;3rd Class;£622.00;Southampton;FALSE
32;3rd Class;£610.00;Southampton;FALSE
20;3rd Class;£558.00;Cherbourg;FALSE
20;3rd Class;£558.00;Cherbourg;FALSE
21;3rd Class;£598.00;Queenstown;FALSE
22;3rd Class;£610.00;Southampton;FALSE
11;3rd Class;£868.00;Cherbourg;TRUE
14;3rd Class;£868.00;Cherbourg;TRUE
29;3rd Class;£612.00;Southampton;FALSE
28;3rd Class;£622.00;Southampton;FALSE
18;3rd Class;£600.00;Southampton;TRUE
26;3rd Class;£606.00;Southampton;TRUE
21;3rd Class;£606.00;Southampton;FALSE
41;3rd Class;£550.00;Southampton;FALSE
39;3rd Class;£612.00;Southampton;TRUE
20;3rd Class;£558.00;Cherbourg;FALSE
21;3rd Class;£602.00;Southampton;FALSE
22;3rd Class;£598.00;Southampton;TRUE
60;3rd Class;£482.00;Southampton;FALSE
27;3rd Class;£1,200.00;Queenstown;FALSE
21;3rd Class;£605.00;Queenstown;FALSE
26;3rd Class;£1,200.00;Queenstown;TRUE
17;3rd Class;£597.00;Queenstown;FALSE
16;3rd Class;£598.00;Queenstown;FALSE
23;3rd Class;£598.00;Queenstown;FALSE
27;3rd Class;£598.00;Queenstown;TRUE
25;3rd Class;£608.00;Queenstown;TRUE
21;3rd Class;£598.00;Queenstown;TRUE
16;3rd Class;£605.00;Queenstown;TRUE
21;3rd Class;£589.00;Queenstown;FALSE
9;3rd Class;£245.00;Southampton;TRUE
28;3rd Class;£1,740.00;Southampton;FALSE
42;3rd Class;£649.00;Southampton;FALSE
27;3rd Class;£565.00;Southampton;FALSE
31;3rd Class;£606.00;Southampton;FALSE
28;3rd Class;£606.00;Southampton;FALSE
32;3rd Class;£600.00;Southampton;TRUE
20;3rd Class;£712.00;Southampton;FALSE
23;3rd Class;£669.00;Southampton;FALSE
20;3rd Class;£669.00;Southampton;FALSE
20;3rd Class;£669.00;Southampton;FALSE
16;3rd Class;£712.00;Southampton;FALSE
2;3rd Class;£1,630.00;Southampton;FALSE
6;3rd Class;£1,630.00;Southampton;FALSE
3;3rd Class;£1,630.00;Southampton;FALSE
8;3rd Class;£1,630.00;Southampton;FALSE
29;3rd Class;£1,630.00;Southampton;FALSE
1;3rd Class;£3,060.00;Southampton;FALSE
14;3rd Class;£3,060.00;Southampton;FALSE
7;3rd Class;£3,060.00;Southampton;FALSE
2;3rd Class;£3,060.00;Southampton;FALSE
16;3rd Class;£3,060.00;Southampton;FALSE
41;3rd Class;£3,060.00;Southampton;FALSE
21;3rd Class;£669.00;Southampton;FALSE
19;3rd Class;£1,120.00;Southampton;FALSE
32;3rd Class;£610.00;Southampton;FALSE
0;3rd Class;£1,060.00;Southampton;FALSE
3;3rd Class;£1,060.00;Southampton;FALSE
26;3rd Class;£1,060.00;Southampton;FALSE
32;3rd Class;£541.00;Southampton;FALSE
28;3rd Class;£600.00;Southampton;FALSE
24;3rd Class;£622.00;Southampton;FALSE
21;3rd Class;£612.00;Southampton;FALSE
25;3rd Class;£612.00;Southampton;FALSE
22;3rd Class;£560.00;Southampton;FALSE
25;3rd Class;£600.00;Southampton;TRUE
4;3rd Class;£1,730.00;Cherbourg;TRUE
2;3rd Class;£1,730.00;Cherbourg;TRUE
24;3rd Class;£1,730.00;Cherbourg;TRUE
26;3rd Class;£628.00;Queenstown;FALSE
24;3rd Class;£622.00;Southampton;FALSE
28;3rd Class;£610.00;Southampton;FALSE
19;3rd Class;£610.00;Southampton;FALSE
29;3rd Class;£610.00;Southampton;FALSE
18;3rd Class;£600.00;Southampton;FALSE
25;3rd Class;£600.00;Southampton;FALSE
32;3rd Class;£622.00;Southampton;TRUE
27;3rd Class;£610.00;Southampton;FALSE
17;3rd Class;£669.00;Southampton;FALSE
24;3rd Class;£669.00;Southampton;FALSE
16;3rd Class;£673.00;Cherbourg;FALSE
27;3rd Class;£610.00;Southampton;FALSE
63;3rd Class;£626.00;Southampton;FALSE
30;3rd Class;£558.00;Cherbourg;FALSE
19;3rd Class;£560.00;Southampton;FALSE
38;3rd Class;£610.00;Southampton;FALSE
21;3rd Class;£622.00;Southampton;FALSE
10;3rd Class;£2,250.00;Queenstown;FALSE
4;3rd Class;£2,250.00;Queenstown;FALSE
7;3rd Class;£2,250.00;Queenstown;FALSE
2;3rd Class;£2,250.00;Queenstown;FALSE
8;3rd Class;£2,250.00;Queenstown;FALSE
39;3rd Class;£2,250.00;Queenstown;FALSE
22;3rd Class;£3,060.00;Southampton;FALSE
35;3rd Class;£550.00;Southampton;FALSE
18;3rd Class;£596.00;Queenstown;TRUE
69;3rd Class;£1,120.00;Southampton;FALSE
58;3rd Class;£1,120.00;Southampton;FALSE
50;3rd Class;£1,120.00;Southampton;FALSE
47;3rd Class;£1,120.00;Southampton;FALSE
29;3rd Class;£622.00;Southampton;FALSE
49;3rd Class;£600.00;Southampton;FALSE
2;3rd Class;£1,560.00;Southampton;FALSE
18;3rd Class;£1,560.00;Southampton;FALSE
41;3rd Class;£1,560.00;Southampton;FALSE
26;3rd Class;£622.00;Southampton;TRUE
53;3rd Class;£622.00;Southampton;FALSE
16;3rd Class;£622.00;Southampton;FALSE
24;3rd Class;£598.00;Queenstown;TRUE
29;3rd Class;£1,860.00;Queenstown;FALSE
19;3rd Class;£591.00;Southampton;FALSE
43;3rd Class;£560.00;Southampton;FALSE
30;3rd Class;£558.00;Cherbourg;FALSE
27;3rd Class;£558.00;Cherbourg;FALSE
20;3rd Class;£597.00;Queenstown;FALSE
17;3rd Class;£586.00;Southampton;FALSE
12;3rd Class;£5,370.00;Southampton;FALSE
4;3rd Class;£5,370.00;Southampton;FALSE
7;3rd Class;£5,370.00;Southampton;FALSE
14;3rd Class;£5,370.00;Southampton;FALSE
10;3rd Class;£5,370.00;Southampton;FALSE
20;3rd Class;£5,370.00;Southampton;FALSE
18;3rd Class;£5,370.00;Southampton;FALSE
16;3rd Class;£5,370.00;Southampton;FALSE
19;3rd Class;£5,370.00;Southampton;FALSE
44;3rd Class;£5,370.00;Southampton;FALSE
44;3rd Class;£5,370.00;Southampton;FALSE
24;3rd Class;£720.00;Southampton;FALSE
21;3rd Class;£591.00;Southampton;TRUE
29;3rd Class;£612.00;Southampton;FALSE
17;3rd Class;£1,670.00;Cherbourg;FALSE
40;3rd Class;£1,670.00;Cherbourg;FALSE
15;3rd Class;£1,670.00;Cherbourg;FALSE
1;3rd Class;£1,290.00;Southampton;TRUE
4;3rd Class;£1,290.00;Southampton;TRUE
24;3rd Class;£1,290.00;Southampton;TRUE
21;3rd Class;£734.00;Southampton;TRUE
19;3rd Class;£622.00;Southampton;FALSE
33;3rd Class;£622.00;Southampton;FALSE
22;3rd Class;£597.00;Queenstown;FALSE
29;3rd Class;£734.00;Southampton;TRUE
42;3rd Class;£610.00;Southampton;FALSE
10;3rd Class;£320.00;Cherbourg;FALSE
24;3rd Class;£598.00;Queenstown;FALSE
19;3rd Class;£558.00;Cherbourg;FALSE
55;3rd Class;£1,170.00;Southampton;FALSE
20;3rd Class;£605.00;Queenstown;TRUE
22;3rd Class;£622.00;Southampton;FALSE
39;3rd Class;£622.00;Southampton;FALSE
22;3rd Class;£558.00;Cherbourg;FALSE
20;3rd Class;£622.00;Southampton;FALSE
40;3rd Class;£610.00;Southampton;FALSE
21;3rd Class;£612.00;Southampton;FALSE
18;3rd Class;£502.00;Southampton;TRUE
5;3rd Class;£2,150.00;Southampton;FALSE
11;3rd Class;£2,150.00;Southampton;FALSE
9;3rd Class;£2,150.00;Southampton;FALSE
2;3rd Class;£2,150.00;Southampton;FALSE
40;3rd Class;£2,150.00;Southampton;FALSE
43;3rd Class;£2,150.00;Southampton;FALSE
42;3rd Class;£610.00;Southampton;FALSE
20;3rd Class;£622.00;Southampton;FALSE
37;3rd Class;£669.00;Southampton;FALSE
17;3rd Class;£597.00;Queenstown;TRUE
26;3rd Class;£598.00;Queenstown;FALSE
31;3rd Class;£622.00;Southampton;FALSE
23;3rd Class;£622.00;Southampton;FALSE
32;3rd Class;£622.00;Southampton;FALSE
23;3rd Class;£610.00;Southampton;FALSE
33;3rd Class;£671.00;Cherbourg;FALSE
24;3rd Class;£583.00;Southampton;TRUE
21;3rd Class;£622.00;Southampton;FALSE
51;3rd Class;;Southampton;FALSE
19;3rd Class;£610.00;Southampton;FALSE
2;3rd Class;£808.00;Southampton;FALSE
29;3rd Class;£808.00;Southampton;FALSE
31;3rd Class;£612.00;Southampton;TRUE
22;3rd Class;£760.00;Southampton;FALSE
27;3rd Class;£669.00;Southampton;FALSE
20;3rd Class;£622.00;Southampton;TRUE
44;3rd Class;£612.00;Southampton;TRUE
25;3rd Class;£544.00;Southampton;FALSE
74;3rd Class;£600.00;Southampton;FALSE
14;3rd Class;£712.00;Southampton;TRUE
24;3rd Class;£602.00;Southampton;FALSE
41;3rd Class;£622.00;Southampton;FALSE
25;3rd Class;;Southampton;TRUE
25;3rd Class;£602.00;Southampton;TRUE
34;3rd Class;£622.00;Southampton;FALSE
31;3rd Class;£497.00;Cherbourg;FALSE
16;3rd Class;£658.00;Cherbourg;TRUE
0.4;3rd Class;£658.00;Cherbourg;TRUE
34;3rd Class;£497.00;Cherbourg;FALSE
16;3rd Class;£558.00;Cherbourg;FALSE
36;3rd Class;£622.00;Southampton;FALSE
36;3rd Class;£1,240.00;Southampton;FALSE
32;3rd Class;£1,240.00;Southampton;TRUE
32;3rd Class;£612.00;Southampton;FALSE
20;3rd Class;£598.00;Queenstown;FALSE
23;3rd Class;£610.00;Southampton;FALSE
22;3rd Class;£622.00;Southampton;FALSE
20;3rd Class;£558.00;Cherbourg;FALSE
8;3rd Class;£1,180.00;Cherbourg;TRUE
9;3rd Class;£1,180.00;Cherbourg;TRUE
27;3rd Class;£1,180.00;Cherbourg;TRUE
36;3rd Class;£610.00;Southampton;FALSE
18;3rd Class;£760.00;Southampton;TRUE
63;3rd Class;£740.00;Southampton;TRUE
10;3rd Class;£1,120.00;Southampton;FALSE
9;3rd Class;£1,120.00;Southampton;FALSE
35;3rd Class;£1,120.00;Southampton;FALSE
35;3rd Class;£734.00;Southampton;FALSE
28;3rd Class;£734.00;Southampton;FALSE
10;3rd Class;£1,860.00;Southampton;FALSE
36;3rd Class;£1,860.00;Southampton;FALSE
30;3rd Class;£1,860.00;Southampton;FALSE
23;3rd Class;£734.00;Southampton;FALSE
46;3rd Class;£695.00;Southampton;FALSE
18;3rd Class;£1,390.00;Southampton;FALSE
31;3rd Class;£1,390.00;Southampton;FALSE
15;3rd Class;£1,390.00;Southampton;FALSE
31;3rd Class;£1,390.00;Southampton;FALSE
28;3rd Class;£734.00;Southampton;FALSE
22;3rd Class;£558.00;Cherbourg;TRUE
20;3rd Class;£606.00;Southampton;FALSE
14;3rd Class;£606.00;Southampton;FALSE
21;3rd Class;£610.00;Southampton;FALSE
22;3rd Class;£695.00;Southampton;FALSE
34;3rd Class;£622.00;Southampton;FALSE
30;3rd Class;£583.00;Southampton;FALSE
25;3rd Class;£558.00;Cherbourg;FALSE
66;3rd Class;£622.00;Southampton;FALSE
27;3rd Class;£602.00;Southampton;TRUE
51;3rd Class;£598.00;Southampton;FALSE
18;3rd Class;£502.00;Southampton;FALSE
21;3rd Class;£502.00;Southampton;FALSE
47;3rd Class;£541.00;Southampton;TRUE
37;3rd Class;£673.00;Cherbourg;FALSE
18;3rd Class;£583.00;Southampton;FALSE
28;3rd Class;£622.00;Southampton;FALSE
28;3rd Class;£1,240.00;Southampton;FALSE
21;3rd Class;£560.00;Southampton;FALSE
27;3rd Class;£669.00;Southampton;FALSE
54;3rd Class;£560.00;Southampton;FALSE
36;3rd Class;£734.00;Southampton;FALSE
27;3rd Class;£1,120.00;Cherbourg;FALSE
15;3rd Class;£1,120.00;Cherbourg;TRUE
45;3rd Class;£558.00;Cherbourg;FALSE
28;3rd Class;£558.00;Cherbourg;FALSE
22;3rd Class;£558.00;Cherbourg;FALSE
27;3rd Class;£558.00;Cherbourg;FALSE
29;3rd Class;£608.00;Southampton;FALSE
22;A la Carte;;Southampton;FALSE
26;A la Carte;;Southampton;FALSE
24;A la Carte;;Southampton;FALSE
27;A la Carte;;Southampton;FALSE
33;A la Carte;;Southampton;FALSE
22;A la Carte;;Southampton;FALSE
26;A la Carte;;Southampton;FALSE
28;A la Carte;;Southampton;FALSE
26;A la Carte;;Southampton;FALSE
44;A la Carte;;Southampton;FALSE
21;A la Carte;;Southampton;FALSE
27;A la Carte;;Southampton;TRUE
32;A la Carte;;Southampton;FALSE
25;A la Carte;;Southampton;FALSE
19;A la Carte;;Southampton;FALSE
28;A la Carte;;Southampton;FALSE
17;A la Carte;;Southampton;FALSE
20;A la Carte;;Southampton;FALSE
18;A la Carte;;Southampton;FALSE
20;A la Carte;;Southampton;FALSE
17;A la Carte;;Southampton;FALSE
20;A la Carte;;Southampton;FALSE
30;A la Carte;;Southampton;FALSE
23;A la Carte;;Southampton;FALSE
37;A la Carte;;Southampton;FALSE
31;A la Carte;;Southampton;FALSE
24;A la Carte;;Southampton;FALSE
28;A la Carte;;Southampton;FALSE
29;A la Carte;;Southampton;FALSE
28;A la Carte;;Southampton;FALSE
24;A la Carte;;Southampton;FALSE
20;A la Carte;;Southampton;TRUE
20;A la Carte;;Southampton;FALSE
25;A la Carte;;Southampton;TRUE
23;A la Carte;;Southampton;FALSE
20;A la Carte;;Southampton;FALSE
42;A la Carte;;Southampton;FALSE
19;A la Carte;;Southampton;FALSE
21;A la Carte;;Southampton;FALSE
20;A la Carte;;Southampton;FALSE
17;A la Carte;;Southampton;FALSE
20;A la Carte;;Southampton;FALSE
35;A la Carte;;Southampton;FALSE
17;A la Carte;;Southampton;FALSE
30;A la Carte;;Southampton;FALSE
28;A la Carte;;Southampton;FALSE
17;A la Carte;;Southampton;FALSE
21;A la Carte;;Southampton;FALSE
22;A la Carte;;Southampton;FALSE
22;A la Carte;;Southampton;FALSE
23;A la Carte;;Southampton;FALSE
49;A la Carte;;Southampton;FALSE
24;A la Carte;;Southampton;FALSE
25;A la Carte;;Southampton;FALSE
24;A la Carte;;Southampton;FALSE
42;A la Carte;;Southampton;FALSE
24;A la Carte;;Southampton;FALSE
23;A la Carte;;Southampton;FALSE
27;A la Carte;;Southampton;FALSE
16;A la Carte;;Southampton;FALSE
22;A la Carte;;Southampton;FALSE
35;A la Carte;;Southampton;FALSE
21;A la Carte;;Southampton;FALSE
19;A la Carte;;Southampton;FALSE
18;A la Carte;;Southampton;FALSE
31;A la Carte;;Southampton;FALSE
35;A la Carte;;Southampton;FALSE
20;A la Carte;;Southampton;FALSE
26;A la Carte;;Southampton;FALSE
40;Deck;;Southampton;TRUE
36;Deck;;Southampton;TRUE
43;Deck;;Southampton;TRUE
28;Deck;;Belfast;TRUE
29;Deck;;Southampton;FALSE
42;Deck;;Southampton;TRUE
42;Deck;;Belfast;TRUE
27;Deck;;Southampton;TRUE
34;Deck;;Southampton;TRUE
31;Deck;;Southampton;FALSE
28;Deck;;Southampton;FALSE
39;Deck;;Southampton;FALSE
24;Deck;;Southampton;TRUE
27;Deck;;Southampton;TRUE
24;Deck;;Belfast;TRUE
44;Deck;;Belfast;TRUE
27;Deck;;Southampton;TRUE
31;Deck;;Belfast;TRUE
39;Deck;;Southampton;TRUE
43;Deck;;Belfast;TRUE
29;Deck;;Southampton;TRUE
29;Deck;;Belfast;TRUE
27;Deck;;Belfast;FALSE
40;Deck;;Southampton;TRUE
33;Deck;;Southampton;TRUE
48;Deck;;Southampton;TRUE
26;Deck;;Belfast;FALSE
23;Deck;;Belfast;TRUE
32;Deck;;Southampton;TRUE
43;Deck;;Southampton;FALSE
41;Deck;;Southampton;TRUE
38;Deck;;Belfast;TRUE
29;Deck;;Belfast;TRUE
25;Deck;;Southampton;TRUE
26;Deck;;Southampton;FALSE
30;Deck;;Southampton;FALSE
27;Deck;;Southampton;FALSE
31;Deck;;Belfast;FALSE
47;Deck;;Southampton;TRUE
36;Deck;;Southampton;TRUE
24;Deck;;Belfast;FALSE
32;Deck;;Southampton;TRUE
39;Deck;;Belfast;FALSE
42;Deck;;Belfast;FALSE
62;Deck;;Belfast;FALSE
27;Deck;;Belfast;TRUE
28;Deck;;Southampton;TRUE
43;Deck;;Southampton;TRUE
37;Deck;;Belfast;TRUE
26;Deck;;Southampton;TRUE
34;Deck;;Belfast;TRUE
33;Deck;;Southampton;TRUE
32;Deck;;Belfast;TRUE
30;Deck;;Southampton;FALSE
33;Deck;;Southampton;TRUE
37;Deck;;Southampton;FALSE
62;Deck;;Southampton;FALSE
26;Deck;;Southampton;FALSE
24;Deck;;Southampton;TRUE
23;Deck;;Southampton;FALSE
35;Deck;;Southampton;FALSE
20;Deck;;Southampton;FALSE
32;Deck;;Southampton;TRUE
30;Deck;;Belfast;TRUE
39;Deck;;Southampton;FALSE
41;Deck;;Belfast;TRUE
33;Engine;;Southampton;FALSE
26;Engine;;Southampton;FALSE
24;Engine;;Southampton;TRUE
32;Engine;;Southampton;FALSE
34;Engine;;Belfast;FALSE
22;Engine;;Southampton;TRUE
46;Engine;;Southampton;FALSE
24;Engine;;Southampton;FALSE
32;Engine;;Southampton;FALSE
30;Engine;;Southampton;FALSE
29;Engine;;Southampton;FALSE
41;Engine;;Southampton;FALSE
28;Engine;;Southampton;TRUE
33;Engine;;Southampton;FALSE
35;Engine;;Belfast;FALSE
24;Engine;;Southampton;TRUE
50;Engine;;Belfast;FALSE
24;Engine;;Southampton;FALSE
30;Engine;;Southampton;FALSE
42;Engine;;Southampton;FALSE
39;Engine;;Southampton;FALSE
22;Engine;;Southampton;FALSE
33;Engine;;Southampton;FALSE
20;Engine;;Southampton;FALSE
20;Engine;;Southampton;FALSE
19;Engine;;Southampton;TRUE
28;Engine;;Southampton;FALSE
41;Engine;;Southampton;FALSE
24;Engine;;Southampton;FALSE
22;Engine;;Southampton;TRUE
26;Engine;;Belfast;FALSE
36;Engine;;Southampton;FALSE
29;Engine;;Southampton;FALSE
21;Engine;;Southampton;FALSE
44;Engine;;Southampton;FALSE
39;Engine;;Southampton;FALSE
30;Engine;;Southampton;FALSE
34;Engine;;Southampton;FALSE
25;Engine;;Southampton;FALSE
25;Engine;;Southampton;FALSE
25;Engine;;Southampton;FALSE
35;Engine;;Southampton;FALSE
32;Engine;;Southampton;FALSE
30;Engine;;Southampton;FALSE
30;Engine;;Belfast;FALSE
40;Engine;;Southampton;FALSE
37;Engine;;Southampton;FALSE
46;Engine;;Southampton;FALSE
28;Engine;;Southampton;FALSE
37;Engine;;Southampton;FALSE
22;Engine;;Southampton;TRUE
24;Engine;;Southampton;FALSE
35;Engine;;Belfast;FALSE
25;Engine;;Southampton;FALSE
39;Engine;;Southampton;TRUE
21;Engine;;Southampton;FALSE
57;Engine;;Belfast;FALSE
35;Engine;;Southampton;TRUE
34;Engine;;Southampton;TRUE
26;Engine;;Southampton;FALSE
25;Engine;;Southampton;FALSE
22;Engine;;Southampton;FALSE
33;Engine;;Southampton;FALSE
;Engine;;Southampton;FALSE
45;Engine;;Southampton;FALSE
30;Engine;;Southampton;TRUE
26;Engine;;Belfast;FALSE
23;Engine;;Southampton;FALSE
44;Engine;;Belfast;FALSE
21;Engine;;Southampton;TRUE
39;Engine;;Southampton;FALSE
30;Engine;;Southampton;FALSE
25;Engine;;Southampton;FALSE
33;Engine;;Southampton;FALSE
23;Engine;;Southampton;FALSE
24;Engine;;Southampton;TRUE
36;Engine;;Southampton;FALSE
30;Engine;;Southampton;TRUE
24;Engine;;Southampton;TRUE
38;Engine;;Belfast;FALSE
27;Engine;;Southampton;FALSE
22;Engine;;Southampton;TRUE
22;Engine;;Southampton;TRUE
27;Engine;;Southampton;FALSE
28;Engine;;Belfast;FALSE
24;Engine;;Belfast;FALSE
25;Engine;;Southampton;TRUE
22;Engine;;Southampton;FALSE
44;Engine;;Southampton;FALSE
24;Engine;;Southampton;FALSE
18;Engine;;Belfast;FALSE
30;Engine;;Southampton;FALSE
39;Engine;;Belfast;FALSE
30;Engine;;Southampton;FALSE
34;Engine;;Southampton;FALSE
38;Engine;;Southampton;FALSE
21;Engine;;Southampton;TRUE
27;Engine;;Belfast;FALSE
43;Engine;;Southampton;TRUE
22;Engine;;Southampton;FALSE
30;Engine;;Southampton;FALSE
37;Engine;;Belfast;FALSE
30;Engine;;Southampton;FALSE
29;Engine;;Belfast;FALSE
20;Engine;;Southampton;TRUE
26;Engine;;Southampton;TRUE
24;Engine;;Southampton;FALSE
34;Engine;;Southampton;TRUE
34;Engine;;Southampton;FALSE
32;Engine;;Southampton;FALSE
29;Engine;;Southampton;FALSE
42;Engine;;Southampton;FALSE
22;Engine;;Southampton;FALSE
26;Engine;;Southampton;FALSE
22;Engine;;Southampton;FALSE
28;Engine;;Belfast;TRUE
20;Engine;;Southampton;FALSE
40;Engine;;Southampton;FALSE
24;Engine;;Southampton;FALSE
35;Engine;;Belfast;TRUE
32;Engine;;Southampton;FALSE
22;Engine;;Southampton;FALSE
53;Engine;;Southampton;FALSE
30;Engine;;Southampton;FALSE
21;Engine;;Southampton;FALSE
28;Engine;;Southampton;FALSE
39;Engine;;Southampton;TRUE
38;Engine;;Belfast;FALSE
49;Engine;;Southampton;FALSE
34;Engine;;Belfast;FALSE
45;Engine;;Southampton;FALSE
24;Engine;;Southampton;FALSE
20;Engine;;Southampton;TRUE
29;Engine;;Southampton;TRUE
33;Engine;;Belfast;FALSE
25;Engine;;Southampton;FALSE
30;Engine;;Southampton;FALSE
29;Engine;;Belfast;FALSE
26;Engine;;Southampton;FALSE
46;Engine;;Belfast;FALSE
22;Engine;;Southampton;FALSE
22;Engine;;Southampton;FALSE
36;Engine;;Belfast;FALSE
22;Engine;;Southampton;TRUE
28;Engine;;Southampton;FALSE
35;Engine;;Southampton;FALSE
23;Engine;;Southampton;TRUE
20;Engine;;Southampton;FALSE
33;Engine;;Southampton;FALSE
29;Engine;;Southampton;FALSE
27;Engine;;Southampton;FALSE
27;Engine;;Southampton;FALSE
37;Engine;;Southampton;FALSE
38;Engine;;Southampton;FALSE
32;Engine;;Southampton;TRUE
35;Engine;;Southampton;FALSE
30;Engine;;Southampton;FALSE
40;Engine;;Southampton;TRUE
43;Engine;;Southampton;FALSE
24;Engine;;Southampton;FALSE
38;Engine;;Southampton;FALSE
44;Engine;;Southampton;FALSE
23;Engine;;Belfast;FALSE
24;Engine;;Southampton;TRUE
43;Engine;;Belfast;FALSE
37;Engine;;Southampton;FALSE
43;Engine;;Belfast;FALSE
26;Engine;;Southampton;FALSE
30;Engine;;Southampton;FALSE
39;Engine;;Southampton;FALSE
42;Engine;;Southampton;TRUE
32;Engine;;Southampton;FALSE
18;Engine;;Southampton;FALSE
20;Engine;;Southampton;FALSE
47;Engine;;Southampton;FALSE
30;Engine;;Southampton;TRUE
29;Engine;;Southampton;FALSE
28;Engine;;Southampton;FALSE
30;Engine;;Southampton;FALSE
32;Engine;;Belfast;FALSE
32;Engine;;Southampton;TRUE
22;Engine;;Southampton;FALSE
39;Engine;;Southampton;FALSE
25;Engine;;Southampton;FALSE
32;Engine;;Southampton;TRUE
39;Engine;;Southampton;FALSE
24;Engine;;Southampton;FALSE
60;Engine;;Southampton;FALSE
27;Engine;;Southampton;FALSE
25;Engine;;Southampton;TRUE
36;Engine;;Southampton;FALSE
23;Engine;;Southampton;FALSE
38;Engine;;Southampton;FALSE
26;Engine;;Southampton;TRUE
34;Engine;;Southampton;FALSE
30;Engine;;Southampton;FALSE
30;Engine;;Southampton;FALSE
37;Engine;;Southampton;FALSE
21;Engine;;Southampton;TRUE
26;Engine;;Belfast;FALSE
32;Engine;;Southampton;FALSE
22;Engine;;Belfast;FALSE
26;Engine;;Belfast;FALSE
28;Engine;;Southampton;FALSE
26;Engine;;Belfast;FALSE
33;Engine;;Belfast;FALSE
46;Engine;;Southampton;FALSE
18;Engine;;Southampton;FALSE
29;Engine;;Southampton;TRUE
21;Engine;;Southampton;FALSE
44;Engine;;Southampton;FALSE
21;Engine;;Southampton;FALSE
27;Engine;;Southampton;FALSE
26;Engine;;Southampton;FALSE
30;Engine;;Southampton;FALSE
24;Engine;;Southampton;FALSE
23;Engine;;Belfast;FALSE
33;Engine;;Southampton;TRUE
28;Engine;;Southampton;FALSE
33;Engine;;Southampton;FALSE
35;Engine;;Southampton;FALSE
23;Engine;;Southampton;FALSE
21;Engine;;Southampton;FALSE
30;Engine;;Southampton;TRUE
30;Engine;;Southampton;TRUE
25;Engine;;Southampton;TRUE
31;Engine;;Southampton;FALSE
32;Engine;;Southampton;TRUE
35;Engine;;Southampton;TRUE
32;Engine;;Southampton;FALSE
31;Engine;;Southampton;FALSE
29;Engine;;Southampton;FALSE
42;Engine;;Belfast;FALSE
26;Engine;;Belfast;FALSE
28;Engine;;Southampton;TRUE
39;Engine;;Southampton;TRUE
19;Engine;;Southampton;TRUE
23;Engine;;Southampton;FALSE
27;Engine;;Southampton;FALSE
25;Engine;;Southampton;FALSE
24;Engine;;Southampton;TRUE
32;Engine;;Southampton;FALSE
30;Engine;;Southampton;TRUE
20;Engine;;Southampton;FALSE
24;Engine;;Southampton;TRUE
23;Engine;;Southampton;FALSE
31;Engine;;Southampton;FALSE
24;Engine;;Southampton;TRUE
29;Engine;;Southampton;TRUE
21;Engine;;Southampton;FALSE
30;Engine;;Southampton;FALSE
31;Engine;;Southampton;FALSE
32;Engine;;Southampton;TRUE
28;Engine;;Southampton;FALSE
36;Engine;;Southampton;FALSE
35;Engine;;Southampton;FALSE
26;Engine;;Belfast;FALSE
23;Engine;;Southampton;FALSE
30;Engine;;Southampton;FALSE
32;Engine;;Southampton;FALSE
23;Engine;;Southampton;FALSE
23;Engine;;Southampton;FALSE
23;Engine;;Southampton;FALSE
40;Engine;;Southampton;FALSE
28;Engine;;Southampton;TRUE
39;Engine;;Southampton;FALSE
25;Engine;;Southampton;TRUE
31;Engine;;Southampton;TRUE
32;Engine;;Southampton;FALSE
20;Engine;;Southampton;TRUE
32;Engine;;Southampton;FALSE
25;Engine;;Southampton;TRUE
20;Engine;;Southampton;FALSE
26;Engine;;Southampton;FALSE
31;Engine;;Belfast;FALSE
40;Engine;;Southampton;FALSE
26;Engine;;Southampton;FALSE
35;Engine;;Belfast;FALSE
22;Engine;;Southampton;FALSE
40;Engine;;Southampton;FALSE
26;Engine;;Southampton;FALSE
21;Engine;;Southampton;TRUE
30;Engine;;Southampton;TRUE
30;Engine;;Southampton;FALSE
;Engine;;Southampton;FALSE
20;Engine;;Southampton;FALSE
25;Engine;;Southampton;TRUE
28;Engine;;Southampton;FALSE
25;Engine;;Southampton;FALSE
42;Engine;;Southampton;FALSE
24;Engine;;Southampton;TRUE
50;Engine;;Southampton;FALSE
26;Engine;;Southampton;TRUE
25;Engine;;Southampton;FALSE
35;Engine;;Southampton;TRUE
44;Engine;;Southampton;TRUE
25;Engine;;Southampton;TRUE
31;Engine;;Southampton;FALSE
30;Engine;;Southampton;FALSE
40;Engine;;Southampton;TRUE
35;Engine;;Belfast;FALSE
42;Engine;;Southampton;FALSE
35;Engine;;Southampton;FALSE
32;Engine;;Southampton;FALSE
33;Engine;;Southampton;FALSE
24;Engine;;Belfast;FALSE
31;Engine;;Southampton;FALSE
39;Engine;;Southampton;FALSE
25;Engine;;Southampton;FALSE
27;Engine;;Southampton;FALSE
36;Engine;;Southampton;FALSE
28;Engine;;Southampton;FALSE
31;Engine;;Southampton;FALSE
32;Engine;;Southampton;TRUE
28;Engine;;Southampton;FALSE
23;Engine;;Southampton;TRUE
26;Engine;;Southampton;FALSE
28;Engine;;Belfast;FALSE
45;Engine;;Southampton;FALSE
39;Engine;;Southampton;FALSE
37;Engine;;Southampton;FALSE
30;Engine;;Southampton;FALSE
40;Engine;;Southampton;FALSE
26;Engine;;Southampton;FALSE
30;Engine;;Southampton;FALSE
21;Victualling;;Southampton;FALSE
20;Victualling;;Southampton;FALSE
28;Victualling;;Southampton;FALSE
35;Victualling;;Southampton;FALSE
36;Victualling;;Southampton;FALSE
17;Victualling;;Southampton;FALSE
26;Victualling;;Southampton;FALSE
41;Victualling;;Belfast;FALSE
48;Victualling;;Southampton;FALSE
19;Victualling;;Southampton;TRUE
26;Victualling;;Southampton;FALSE
32;Victualling;;Southampton;FALSE
22;Victualling;;Southampton;FALSE
32;Victualling;;Belfast;FALSE
28;Victualling;;Southampton;TRUE
31;Victualling;;Southampton;FALSE
36;Victualling;;Belfast;FALSE
19;Victualling;;Southampton;TRUE
19;Victualling;;Southampton;FALSE
37;Victualling;;Southampton;FALSE
40;Victualling;;Belfast;FALSE
36;Victualling;;Southampton;FALSE
37;Victualling;;Southampton;FALSE
15;Victualling;;Southampton;FALSE
33;Victualling;;Belfast;FALSE
35;Victualling;;Southampton;FALSE
32;Victualling;;Southampton;FALSE
25;Victualling;;Southampton;FALSE
51;Victualling;;Southampton;FALSE
48;Victualling;;Southampton;FALSE
31;Victualling;;Southampton;FALSE
34;Victualling;;Southampton;FALSE
19;Victualling;;Southampton;FALSE
29;Victualling;;Southampton;FALSE
30;Victualling;;Southampton;TRUE
31;Victualling;;Southampton;FALSE
38;Victualling;;Belfast;FALSE
34;Victualling;;Belfast;FALSE
45;Victualling;;Southampton;TRUE
30;Victualling;;Southampton;FALSE
29;Victualling;;Southampton;FALSE
40;Victualling;;Belfast;FALSE
36;Victualling;;Southampton;FALSE
30;Victualling;;Belfast;FALSE
24;Victualling;;Southampton;FALSE
35;Victualling;;Southampton;FALSE
36;Victualling;;Belfast;FALSE
43;Victualling;;Southampton;FALSE
48;Victualling;;Belfast;FALSE
22;Victualling;;Belfast;TRUE
33;Victualling;;Southampton;FALSE
31;Victualling;;Southampton;FALSE
27;Victualling;;Southampton;FALSE
33;Victualling;;Belfast;FALSE
30;Victualling;;Southampton;FALSE
34;Victualling;;Belfast;TRUE
28;Victualling;;Belfast;FALSE
34;Victualling;;Southampton;FALSE
30;Victualling;;Southampton;FALSE
21;Victualling;;Southampton;FALSE
20;Victualling;;Belfast;FALSE
18;Victualling;;Southampton;TRUE
30;Victualling;;Belfast;FALSE
31;Victualling;;Belfast;TRUE
29;Victualling;;Southampton;FALSE
20;Victualling;;Southampton;TRUE
21;Victualling;;Southampton;FALSE
23;Victualling;;Southampton;FALSE
38;Victualling;;Southampton;FALSE
25;Victualling;;Southampton;FALSE
31;Victualling;;Southampton;FALSE
32;Victualling;;Belfast;FALSE
34;Victualling;;Southampton;FALSE
33;Victualling;;Southampton;TRUE
27;Victualling;;Southampton;FALSE
34;Victualling;;Belfast;FALSE
20;Victualling;;Southampton;FALSE
32;Victualling;;Southampton;TRUE
25;Victualling;;Southampton;FALSE
27;Victualling;;Belfast;FALSE
28;Victualling;;Southampton;FALSE
52;Victualling;;Southampton;FALSE
33;Victualling;;Southampton;FALSE
28;Victualling;;Southampton;FALSE
33;Victualling;;Southampton;TRUE
17;Victualling;;Southampton;TRUE
25;Victualling;;Belfast;FALSE
32;Victualling;;Southampton;FALSE
42;Victualling;;Southampton;FALSE
27;Victualling;;Southampton;FALSE
29;Victualling;;Southampton;FALSE
27;Victualling;;Southampton;TRUE
36;Victualling;;Belfast;TRUE
39;Victualling;;Belfast;FALSE
32;Victualling;;Southampton;FALSE
42;Victualling;;Southampton;FALSE
30;Victualling;;Southampton;TRUE
35;Victualling;;Belfast;FALSE
45;Victualling;;Belfast;TRUE
35;Victualling;;Belfast;TRUE
18;Victualling;;Southampton;TRUE
19;Victualling;;Southampton;FALSE
33;Victualling;;Belfast;FALSE
27;Victualling;;Belfast;FALSE
26;Victualling;;Belfast;FALSE
19;Victualling;;Southampton;FALSE
29;Victualling;;Belfast;FALSE
26;Victualling;;Belfast;FALSE
36;Victualling;;Southampton;FALSE
49;Victualling;;Southampton;FALSE
44;Victualling;;Belfast;FALSE
36;Victualling;;Belfast;FALSE
35;Victualling;;Belfast;FALSE
22;Victualling;;Southampton;FALSE
41;Victualling;;Southampton;FALSE
31;Victualling;;Southampton;FALSE
24;Victualling;;Southampton;FALSE
22;Victualling;;Southampton;FALSE
39;Victualling;;Southampton;FALSE
39;Victualling;;Southampton;FALSE
34;Victualling;;Southampton;FALSE
30;Victualling;;Southampton;TRUE
35;Victualling;;Southampton;FALSE
41;Victualling;;Belfast;TRUE
27;Victualling;;Belfast;FALSE
38;Victualling;;Belfast;FALSE
22;Victualling;;Belfast;FALSE
37;Victualling;;Belfast;TRUE
29;Victualling;;Belfast;FALSE
36;Victualling;;Southampton;FALSE
18;Victualling;;Southampton;FALSE
26;Victualling;;Belfast;FALSE
26;Victualling;;Southampton;TRUE
32;Victualling;;Southampton;FALSE
37;Victualling;;Southampton;FALSE
27;Victualling;;Southampton;FALSE
29;Victualling;;Southampton;FALSE
43;Victualling;;Belfast;FALSE
31;Victualling;;Southampton;FALSE
36;Victualling;;Southampton;TRUE
33;Victualling;;Southampton;FALSE
34;Victualling;;Belfast;FALSE
38;Victualling;;Southampton;FALSE
42;Victualling;;Southampton;TRUE
28;Victualling;;Southampton;FALSE
31;Victualling;;Belfast;FALSE
44;Victualling;;Southampton;TRUE
28;Victualling;;Southampton;FALSE
28;Victualling;;Southampton;TRUE
37;Victualling;;Southampton;FALSE
22;Victualling;;Southampton;TRUE
38;Victualling;;Southampton;FALSE
41;Victualling;;Southampton;FALSE
25;Victualling;;Belfast;FALSE
20;Victualling;;Southampton;FALSE
21;Victualling;;Southampton;TRUE
37;Victualling;;Belfast;TRUE
19;Victualling;;Southampton;FALSE
16;Victualling;;Southampton;FALSE
18;Victualling;;Southampton;FALSE
40;Victualling;;Southampton;TRUE
31;Victualling;;Southampton;TRUE
21;Victualling;;Southampton;TRUE
23;Victualling;;Southampton;FALSE
38;Victualling;;Southampton;FALSE
43;Victualling;;Southampton;FALSE
44;Victualling;;Belfast;FALSE
30;Victualling;;Southampton;FALSE
38;Victualling;;Belfast;FALSE
27;Victualling;;Southampton;FALSE
37;Victualling;;Belfast;FALSE
36;Victualling;;Southampton;FALSE
38;Victualling;;Belfast;FALSE
35;Victualling;;Southampton;FALSE
36;Victualling;;Southampton;FALSE
22;Victualling;;Southampton;FALSE
16;Victualling;;Belfast;FALSE
37;Victualling;;Southampton;FALSE
22;Victualling;;Southampton;FALSE
28;Victualling;;Belfast;FALSE
20;Victualling;;Southampton;FALSE
16;Victualling;;Southampton;FALSE
38;Victualling;;Belfast;FALSE
31;Victualling;;Belfast;FALSE
36;Victualling;;Southampton;FALSE
16;Victualling;;Southampton;FALSE
31;Victualling;;Southampton;FALSE
28;Victualling;;Southampton;FALSE
19;Victualling;;Southampton;TRUE
32;Victualling;;Southampton;FALSE
21;Victualling;;Southampton;FALSE
20;Victualling;;Southampton;FALSE
22;Victualling;;Belfast;FALSE
35;Victualling;;Belfast;FALSE
41;Victualling;;Belfast;FALSE
25;Victualling;;Southampton;FALSE
24;Victualling;;Southampton;TRUE
25;Victualling;;Southampton;FALSE
41;Victualling;;Belfast;TRUE
17;Victualling;;Southampton;FALSE
38;Victualling;;Southampton;FALSE
29;Victualling;;Southampton;FALSE
20;Victualling;;Southampton;FALSE
32;Victualling;;Belfast;TRUE
28;Victualling;;Southampton;TRUE
21;Victualling;;Southampton;FALSE
30;Victualling;;Southampton;FALSE
28;Victualling;;Southampton;FALSE
30;Victualling;;Belfast;FALSE
32;Victualling;;Southampton;FALSE
31;Victualling;;Southampton;FALSE
18;Victualling;;Southampton;FALSE
28;Victualling;;Southampton;FALSE
20;Victualling;;Southampton;FALSE
42;Victualling;;Southampton;FALSE
39;Victualling;;Southampton;FALSE
30;Victualling;;Southampton;FALSE
33;Victualling;;Southampton;FALSE
44;Victualling;;Southampton;TRUE
21;Victualling;;Southampton;FALSE
21;Victualling;;Southampton;FALSE
35;Victualling;;Belfast;FALSE
34;Victualling;;Southampton;FALSE
55;Victualling;;Belfast;FALSE
38;Victualling;;Southampton;TRUE
35;Victualling;;Belfast;FALSE
22;Victualling;;Southampton;FALSE
41;Victualling;;Southampton;TRUE
35;Victualling;;Southampton;FALSE
26;Victualling;;Belfast;FALSE
21;Victualling;;Belfast;FALSE
27;Victualling;;Southampton;TRUE
23;Victualling;;Southampton;FALSE
40;Victualling;;Belfast;TRUE
32;Victualling;;Belfast;FALSE
33;Victualling;;Southampton;FALSE
19;Victualling;;Southampton;FALSE
38;Victualling;;Southampton;FALSE
34;Victualling;;Belfast;TRUE
38;Victualling;;Southampton;FALSE
36;Victualling;;Southampton;FALSE
23;Victualling;;Southampton;FALSE
34;Victualling;;Belfast;TRUE
34;Victualling;;Southampton;FALSE
35;Victualling;;Belfast;FALSE
36;Victualling;;Southampton;FALSE
50;Victualling;;Southampton;FALSE
26;Victualling;;Southampton;FALSE
20;Victualling;;Southampton;FALSE
28;Victualling;;Southampton;TRUE
29;Victualling;;Southampton;TRUE
33;Victualling;;Southampton;TRUE
31;Victualling;;Belfast;TRUE
52;Victualling;;Belfast;FALSE
36;Victualling;;Southampton;FALSE
36;Victualling;;Belfast;FALSE
37;Victualling;;Southampton;FALSE
27;Victualling;;Southampton;FALSE
40;Victualling;;Southampton;TRUE
23;Victualling;;Belfast;TRUE
21;Victualling;;Belfast;FALSE
32;Victualling;;Belfast;FALSE
43;Victualling;;Belfast;FALSE
34;Victualling;;Southampton;FALSE
24;Victualling;;Southampton;FALSE
51;Victualling;;Southampton;TRUE
52;Victualling;;Belfast;FALSE
39;Victualling;;Southampton;FALSE
42;Victualling;;Southampton;FALSE
28;Victualling;;Belfast;TRUE
34;Victualling;;Belfast;FALSE
20;Victualling;;Southampton;FALSE
25;Victualling;;Southampton;TRUE
39;Victualling;;Southampton;FALSE
34;Victualling;;Southampton;FALSE
35;Victualling;;Southampton;TRUE
39;Victualling;;Belfast;FALSE
28;Victualling;;Southampton;FALSE
31;Victualling;;Southampton;FALSE
40;Victualling;;Southampton;FALSE
32;Victualling;;Belfast;FALSE
49;Victualling;;Southampton;FALSE
17;Victualling;;Southampton;FALSE
29;Victualling;;Southampton;FALSE
35;Victualling;;Southampton;FALSE
18;Victualling;;Southampton;FALSE
24;Victualling;;Southampton;FALSE
32;Victualling;;Southampton;TRUE
33;Victualling;;Southampton;FALSE
30;Victualling;;Southampton;FALSE
49;Victualling;;Belfast;FALSE
22;Victualling;;Southampton;FALSE
39;Victualling;;Southampton;FALSE
31;Victualling;;Southampton;FALSE
25;Victualling;;Southampton;FALSE
30;Victualling;;Southampton;TRUE
23;Victualling;;Belfast;TRUE
25;Victualling;;Belfast;FALSE
18;Victualling;;Southampton;FALSE
34;Victualling;;Southampton;FALSE
22;Victualling;;Southampton;TRUE
32;Victualling;;Southampton;FALSE
22;Victualling;;Southampton;TRUE
33;Victualling;;Southampton;TRUE
23;Victualling;;Southampton;FALSE
21;Victualling;;Southampton;TRUE
40;Victualling;;Belfast;FALSE
22;Victualling;;Southampton;FALSE
20;Victualling;;Southampton;TRUE
35;Victualling;;Belfast;FALSE
29;Victualling;;Southampton;FALSE
33;Victualling;;Belfast;FALSE
36;Victualling;;Belfast;FALSE
32;Victualling;;Belfast;TRUE
54;Victualling;;Southampton;FALSE
31;Victualling;;Belfast;FALSE
25;Victualling;;Southampton;FALSE
19;Victualling;;Southampton;FALSE
23;Victualling;;Southampton;FALSE
29;Victualling;;Southampton;FALSE
27;Victualling;;Southampton;FALSE
19;Victualling;;Southampton;FALSE
36;Victualling;;Belfast;FALSE
40;Victualling;;Belfast;FALSE
41;Victualling;;Southampton;TRUE
30;Victualling;;Southampton;FALSE
40;Victualling;;Southampton;TRUE
32;Victualling;;Southampton;FALSE
27;Victualling;;Southampton;FALSE
36;Victualling;;Southampton;TRUE
31;Victualling;;Belfast;FALSE
58;Victualling;;Belfast;TRUE
17;Victualling;;Southampton;FALSE
27;Victualling;;Southampton;FALSE
32;Victualling;;Southampton;TRUE
41;Victualling;;Southampton;FALSE
26;Victualling;;Southampton;FALSE
23;Victualling;;Southampton;TRUE
21;Victualling;;Southampton;FALSE
42;Victualling;;Southampton;FALSE
25;Victualling;;Southampton;FALSE
25;Victualling;;Southampton;TRUE
39;Victualling;;Southampton;FALSE
39;Victualling;;Belfast;FALSE
29;Victualling;;Belfast;FALSE
31;Victualling;;Southampton;TRUE
25;Victualling;;Southampton;FALSE
32;Victualling;;Southampton;FALSE
23;Victualling;;Southampton;FALSE
33;Victualling;;Belfast;FALSE
35;Victualling;;Southampton;FALSE
37;Victualling;;Belfast;FALSE
28;Victualling;;Southampton;TRUE
30;Victualling;;Southampton;TRUE
29;Victualling;;Belfast;FALSE
42;Victualling;;Southampton;TRUE
38;Victualling;;Southampton;FALSE
38;Victualling;;Southampton;FALSE
20;Victualling;;Belfast;FALSE
24;Victualling;;Southampton;FALSE
35;Victualling;;Southampton;FALSE
30;Victualling;;Southampton;FALSE
22;Victualling;;Southampton;FALSE
34;Victualling;;Southampton;FALSE
47;Victualling;;Southampton;TRUE
34;Victualling;;Belfast;FALSE
27;Victualling;;Belfast;TRUE
33;Victualling;;Southampton;FALSE
30;Victualling;;Southampton;FALSE
19;Victualling;;Southampton;FALSE
35;Victualling;;Southampton;FALSE
34;Victualling;;Belfast;FALSE
31;Victualling;;Belfast;FALSE
46;Victualling;;Belfast;FALSE
38;Victualling;;Belfast;FALSE
;Victualling;;Southampton;FALSE
22;Victualling;;Southampton;FALSE
32;Victualling;;Southampton;FALSE
23;Victualling;;Southampton;FALSE
30;Victualling;;Southampton;FALSE
27;Victualling;;Southampton;TRUE
32;Victualling;;Southampton;FALSE
17;Victualling;;Southampton;FALSE
43;Victualling;;Southampton;TRUE
23;Victualling;;Southampton;TRUE
32;Victualling;;Belfast;TRUE
25;Victualling;;Belfast;FALSE
39;Victualling;;Southampton;FALSE
31;Victualling;;Belfast;TRUE
28;Victualling;;Southampton;FALSE
30;Victualling;;Southampton;FALSE
28;Victualling;;Belfast;FALSE
38;Victualling;;Southampton;FALSE
37;Victualling;;Southampton;FALSE
35;Victualling;;Southampton;FALSE
48;Victualling;;Belfast;FALSE
32;Victualling;;Southampton;FALSE
34;Victualling;;Belfast;FALSE
38;Victualling;;Belfast;FALSE
36;Victualling;;Southampton;TRUE
36;Victualling;;Belfast;FALSE
35;Victualling;;Southampton;FALSE
14;Victualling;;Southampton;FALSE
24;Victualling;;Belfast;FALSE
50;Victualling;;Belfast;FALSE
51;Victualling;;Southampton;TRUE
23;Victualling;;Southampton;FALSE
29;Victualling;;Belfast;TRUE
29;Victualling;;Belfast;TRUE
37;Victualling;;Southampton;FALSE
27;Victualling;;Southampton;FALSE
31;Victualling;;Belfast;FALSE
18;Victualling;;Southampton;TRUE
39;Victualling;;Southampton;FALSE
37;Victualling;;Southampton;TRUE
38;Victualling;;Southampton;FALSE
28;Victualling;;Southampton;TRUE
35;Victualling;;Southampton;FALSE
46;Victualling;;Southampton;FALSE
33;Victualling;;Southampton;FALSE
38;Victualling;;Southampton;TRUE
33;Victualling;;Southampton;FALSE
31;Victualling;;Southampton;TRUE
34;Victualling;;Southampton;FALSE
40;Victualling;;Southampton;FALSE
44;Victualling;;Southampton;FALSE
36;Victualling;;Southampton;FALSE
19;Victualling;;Belfast;FALSE
24;Victualling;;Southampton;FALSE
40;Victualling;;Southampton;TRUE
38;Victualling;;Southampton;TRUE